{"stats":{"minecraft:dropped":{"pixelmon:aluminium_ingot":1,"minecraft:sweet_berries":3,"pixelmon:silver_pickaxe":1,"minecraft:golden_chestplate":1,"minecraft:coarse_dirt":2,"pixelmon:sun_stone_legs":1,"pixelmon:silicon_ore":5,"pixelmon:occa_berry":1,"pixelmon:mach_bike":2,"minecraft:cod":5,"minecraft:cobweb":1,"minecraft:dirt":4,"pixelmon:red_shard":1,"pixelmon:sun_stone_plate":1,"minecraft:map":1,"pixelmon:temple_pillar":2,"minecraft:spider_eye":3,"pixelmon:lure_casing_weak":1,"pixelmon:heavy_duty_boots":1,"minecraft:bone_meal":1,"minecraft:sandstone":1,"minecraft:sand":3,"pixelmon:blue_shard":1,"minecraft:paper":1,"pixelmon:x_special_attack":2,"minecraft:lily_pad":1,"pixelmon:x_accuracy":6,"pixelmon:neo_plasma_plate":1},"minecraft:crafted":{"pixelmon:aluminium_sword":1,"sophisticatedbackpacks:backpack":1,"minecraft:spruce_planks":24,"minecraft:gold_ingot":9},"minecraft:mined":{"pixelmon:sapphire_ore":5,"pixelmon:amethyst_ore":8,"minecraft:spruce_planks":1,"minecraft:glass_pane":6,"pixelmon:temple_pillar":2,"minecraft:spruce_trapdoor":4,"pixelmon:ruby_ore":4,"pixelmon:incense_pure":1,"minecraft:grass_block":4,"pixelmon:silicon_ore":5,"minecraft:chest":1,"minecraft:dead_bush":21,"minecraft:tall_grass":2,"minecraft:spruce_leaves":1,"minecraft:seagrass":1,"minecraft:cactus":1,"minecraft:sweet_berry_bush":1,"minecraft:spruce_log":6,"minecraft:gold_block":1,"minecraft:grass":1,"minecraft:coal_ore":28,"pixelmon:crystal_ore":3,"minecraft:sand":2,"minecraft:cobweb":5,"minecraft:stone":11,"sophisticatedbackpacks:backpack":2},"minecraft:used":{"minecraft:armor_stand":1,"pixelmon:sapphire_hammer":3,"minecraft:spruce_planks":9,"minecraft:dirt":1,"waystones:waystone":1,"sophisticatedbackpacks:backpack":2,"minecraft:iron_pickaxe":3,"minecraft:spruce_trapdoor":4,"pixelmon:mach_bike":16,"pixelmon:silver_pickaxe":69,"pixelmon:aluminium_sword":5,"minecraft:cobblestone":3,"pixelmon:sapphire_axe":13,"minecraft:cobweb":5},"minecraft:picked_up":{"minecraft:coarse_dirt":2,"minecraft:leather_chestplate":1,"pixelmon:orange_poke_bag":1,"pixelmon:silicon_ore":5,"minecraft:prismarine_shard":1,"minecraft:leather_leggings":1,"pixelmon:wheel":1,"pixelmon:poke_ball":1,"minecraft:gold_block":1,"minecraft:map":1,"minecraft:string":5,"minecraft:dirt":6,"minecraft:paper":1,"minecraft:leather_boots":1,"minecraft:armor_stand":1,"pixelmon:neo_plasma_helm":1,"minecraft:bell":1,"minecraft:spruce_planks":1,"pixelmon:neo_plasma_legs":1,"pixelmon:occa_berry":3,"minecraft:chest":1,"pixelmon:sapphire":5,"minecraft:spruce_trapdoor":4,"pixelmon:silver_pickaxe":1,"minecraft:stick":16,"minecraft:sandstone":1,"minecraft:sweet_berries":3,"pixelmon:x_accuracy":4,"pixelmon:neo_plasma_plate":1,"pixelmon:temple_pillar":2,"sophisticatedbackpacks:backpack":2,"pixelmon:amethyst":8,"minecraft:sand":2,"minecraft:spruce_log":6,"minecraft:rabbit_foot":1,"minecraft:spider_eye":1,"pixelmon:mach_bike":19,"minecraft:leather_helmet":1,"pixelmon:crystal":3,"pixelmon:x_special_attack":4,"pixelmon:neo_plasma_boots":1,"waystones:waystone":1,"pixelmon:red_pc":1,"pixelmon:ruby":4,"minecraft:bone_meal":1,"minecraft:cod":1,"minecraft:coal":28,"minecraft:cobblestone":10},"minecraft:custom":{"minecraft:interact_with_crafting_table":4,"minecraft:tune_noteblock":1,"minecraft:open_barrel":69,"minecraft:play_one_minute":110782,"minecraft:leave_game":1,"minecraft:time_since_death":110782,"minecraft:climb_one_cm":6018,"minecraft:time_since_rest":110782,"minecraft:waystone_activated":2,"minecraft:sprint_one_cm":325940,"minecraft:damage_taken":1093,"minecraft:walk_one_cm":102874,"minecraft:drop":40,"minecraft:damage_dealt":0,"minecraft:swim_one_cm":35468,"minecraft:fly_one_cm":601554,"minecraft:open_chest":38,"minecraft:crouch_one_cm":805,"minecraft:sneak_time":359,"minecraft:walk_under_water_one_cm":10688,"minecraft:interact_with_brewingstand":2,"minecraft:jump":2547,"minecraft:walk_on_water_one_cm":21160,"minecraft:fall_one_cm":96643,"minecraft:horse_one_cm":181414}},"DataVersion":2586}