{"stats":{"minecraft:dropped":{"minecraft:dirt":3,"minecraft:wheat_seeds":11,"minecraft:beetroot":1,"minecraft:leather":1,"minecraft:sandstone":1},"minecraft:crafted":{"biomesoplenty:redwood_boat":1,"minecraft:crafting_table":2,"minecraft:stick":4,"biomesoplenty:redwood_planks":44,"minecraft:wooden_pickaxe":1,"minecraft:iron_pickaxe":1,"biomesoplenty:redwood_slab":54},"minecraft:mined":{"minecraft:podzol":1,"minecraft:birch_planks":3,"minecraft:iron_ore":8,"minecraft:wheat":2,"minecraft:anvil":1,"minecraft:grass":7,"minecraft:grass_block":1,"minecraft:poppy":1,"biomesoplenty:redwood_log":11,"minecraft:dead_bush":2,"minecraft:dirt":1,"minecraft:tall_grass":3,"minecraft:stone":18,"minecraft:large_fern":1},"minecraft:used":{"waystones:waystone":1,"minecraft:iron_pickaxe":8,"minecraft:wooden_pickaxe":20,"biomesoplenty:redwood_boat":1,"minecraft:crafting_table":2,"pixelmon:white_rug":1,"minecraft:red_bed":1,"minecraft:bucket":1,"biomesoplenty:redwood_slab":16},"minecraft:picked_up":{"biomesoplenty:redwood_log":11,"minecraft:sandstone":2,"biomesoplenty:redwood_boat":1,"minecraft:anvil":1,"pixelmon:white_rug":1,"minecraft:birch_planks":3,"pixelmon:poke_ball":1,"minecraft:sand":4,"minecraft:string":1,"minecraft:dirt":6,"minecraft:compass":1,"minecraft:beetroot":1,"minecraft:wheat_seeds":10,"minecraft:iron_ore":8,"minecraft:poppy":1,"minecraft:cobblestone":18},"minecraft:custom":{"minecraft:time_since_rest":42130,"minecraft:waystone_activated":2,"minecraft:sprint_one_cm":194385,"minecraft:damage_taken":510,"minecraft:walk_one_cm":72297,"minecraft:interact_with_anvil":1,"minecraft:drop":10,"minecraft:damage_dealt":52,"minecraft:interact_with_crafting_table":6,"minecraft:swim_one_cm":4814,"minecraft:interact_with_cartography_table":1,"minecraft:fly_one_cm":267191,"minecraft:open_barrel":14,"minecraft:open_chest":44,"minecraft:play_one_minute":106257,"minecraft:crouch_one_cm":3280,"minecraft:sneak_time":889,"minecraft:walk_under_water_one_cm":158,"minecraft:interact_with_lectern":1,"minecraft:boat_one_cm":44743,"minecraft:jump":3232,"minecraft:leave_game":3,"minecraft:time_since_death":106257,"minecraft:walk_on_water_one_cm":1587,"minecraft:sleep_in_bed":1,"minecraft:climb_one_cm":2444,"minecraft:fall_one_cm":39802}},"DataVersion":2586}