{"stats":{"minecraft:dropped":{"minecraft:gold_ore":1,"minecraft:bread":11,"pixelmon:neo_plasma_boots":1,"minecraft:soul_sand":1,"minecraft:wheat_seeds":5,"pixelmon:gold_hammer":1,"pixelmon:iron_hammer":1,"pixelmon:amethyst_shovel":1,"minecraft:cobblestone":8,"minecraft:coal":1,"pixelmon:neo_plasma_helm":1,"pixelmon:mach_bike":1,"minecraft:cod":2,"minecraft:item_frame":1,"minecraft:stick":4,"minecraft:emerald":4,"minecraft:grass":1,"minecraft:polished_blackstone_pressure_plate":1,"minecraft:iron_door":1,"minecraft:map":5,"minecraft:chain":1,"minecraft:sand":4,"minecraft:paper":2,"minecraft:string":3,"minecraft:bucket":1,"minecraft:armor_stand":4,"minecraft:gold_ingot":5,"pixelmon:neo_plasma_plate":1,"pixelmon:amethyst_hammer":1,"pixelmon:sun_stone_legs":1,"pixelmon:neo_plasma_legs":1,"minecraft:tall_grass":1,"minecraft:beetroot":1,"minecraft:chicken":5,"pixelmon:camera":1,"pixelmon:platinum_hammer":1,"minecraft:blaze_powder":5,"pixelmon:sapphire_hoe":1,"minecraft:leather_chestplate":1,"pixelmon:sun_stone_plate":1,"minecraft:beetroot_seeds":3,"pixelmon:film":1,"pixelmon:red_flute":1,"minecraft:acacia_sapling":7,"pixelmon:boulder":3,"pixelmon:temple_pillar":2,"pixelmon:pixelmon_sprite":1,"minecraft:painting":1,"minecraft:sandstone":14,"minecraft:red_sand":1,"pixelmon:box":1,"minecraft:ghast_tear":1,"pixelmon:galactic_plate":1,"pixelmon:aluminium_shovel":1},"minecraft:mined":{"minecraft:dark_oak_planks":1,"pixelmon:red_letter_box":1,"minecraft:stone_pressure_plate":1,"minecraft:red_sand":1,"minecraft:sandstone":28,"minecraft:chiseled_sandstone":1,"minecraft:stone":51,"pixelmon:brown_wall_gym_sign":2,"minecraft:light_gray_carpet":7,"minecraft:cut_sandstone":1,"minecraft:glass_pane":1,"minecraft:brick_wall":1,"pixelmon:temple_pillar":4,"pixelmon:cyan_wall_gym_sign":1,"pixelmon:incense_pure":1,"minecraft:chest":8,"minecraft:dead_bush":2,"minecraft:andesite_wall":1,"minecraft:tall_grass":1,"pixelmon:box":1,"minecraft:iron_door":2,"minecraft:chain":1,"pixelmon:gray_chair":1,"minecraft:polished_blackstone_stairs":3,"minecraft:grass":1,"minecraft:coal_ore":1,"minecraft:sand":9,"minecraft:gray_carpet":5,"minecraft:iron_trapdoor":1},"minecraft:used":{"minecraft:armor_stand":1,"minecraft:light_gray_carpet":7,"minecraft:chest":6,"pixelmon:gold_hammer":2,"pixelmon:red_trade_machine":1,"pixelmon:lime_pc":1,"pixelmon:temple_pillar":3,"pixelmon:cyan_gym_sign":1,"minecraft:gray_carpet":5,"minecraft:sandstone":13,"minecraft:cut_sandstone":1,"pixelmon:acro_bike":10,"minecraft:gold_ore":1,"pixelmon:gray_chair":1,"minecraft:sand":8,"minecraft:red_bed":1,"waystones:waystone":1,"minecraft:chiseled_sandstone":1,"pixelmon:amethyst_pickaxe":100,"minecraft:cobblestone":40,"pixelmon:brown_gym_sign":2},"minecraft:picked_up":{"pixelmon:ruby_plate":1,"pixelmon:thunder_stone_plate":1,"minecraft:chicken":5,"minecraft:iron_trapdoor":1,"pixelmon:rage_candy_bar":1,"pixelmon:ruby_helm":1,"minecraft:chain":1,"pixelmon:rocket_helm":1,"minecraft:armor_stand":8,"minecraft:item_frame":1,"minecraft:compass":2,"pixelmon:neo_plasma_helm":1,"pixelmon:sapphire_boots":1,"minecraft:beetroot":1,"minecraft:red_sand":1,"pixelmon:pixelmon_sprite":3,"pixelmon:dawn_stone_shard":2,"pixelmon:amethyst_shovel":1,"minecraft:chest":8,"minecraft:iron_boots":1,"pixelmon:ruby_legs":1,"minecraft:golden_helmet":1,"pixelmon:box":1,"minecraft:stick":4,"minecraft:sandstone":28,"pixelmon:pokemail_dream":1,"minecraft:polished_blackstone_stairs":3,"pixelmon:sun_stone_plate":1,"pixelmon:iron_hammer":1,"pixelmon:brown_gym_sign":2,"pixelmon:neo_plasma_plate":1,"minecraft:brick_wall":1,"pixelmon:temple_pillar":5,"pixelmon:max_repel":2,"pixelmon:galactic_plate":1,"minecraft:stone_pressure_plate":1,"minecraft:andesite_wall":1,"pixelmon:raw_tumblestone":1,"minecraft:beetroot_seeds":3,"tcg:card_back":2,"minecraft:saddle":1,"minecraft:gold_ingot":6,"minecraft:cod":2,"minecraft:blaze_powder":5,"minecraft:cobblestone":48,"minecraft:leather_chestplate":1,"pixelmon:acro_bike":11,"minecraft:iron_door":2,"minecraft:cut_sandstone":1,"pixelmon:red_trade_machine":1,"pixelmon:wheel":1,"pixelmon:film":1,"pixelmon:sweet_flower":2,"pixelmon:platinum_hammer":1,"minecraft:map":5,"minecraft:paper":2,"minecraft:gray_carpet":5,"pixelmon:gold_hammer":1,"tcg:card":1,"pixelmon:cyan_gym_sign":1,"minecraft:iron_ingot":3,"tcg:coin":2,"pixelmon:neo_plasma_legs":1,"pixelmon:gray_chair":1,"pixelmon:ground_gem":2,"pixelmon:platinum_ingot":1,"pixelmon:lime_pc":1,"minecraft:acacia_sapling":2,"minecraft:soul_sand":1,"pixelmon:sun_stone_legs":1,"pixelmon:tv3":2,"minecraft:sand":12,"pixelmon:poison_gem":1,"minecraft:chiseled_sandstone":1,"pixelmon:mach_bike":2,"pixelmon:ruby_boots":1,"pixelmon:neo_plasma_boots":1,"minecraft:polished_blackstone_pressure_plate":1,"pixelmon:aluminium_shovel":1,"waystones:waystone":1,"pixelmon:amethyst_hammer":1,"minecraft:painting":1,"minecraft:bread":6,"minecraft:light_gray_carpet":7,"pixelmon:red_flute":1,"pixelmon:camera":1,"minecraft:coal":1},"minecraft:custom":{"minecraft:open_barrel":85,"minecraft:leave_game":2,"minecraft:time_since_death":113094,"minecraft:climb_one_cm":12271,"minecraft:sprint_one_cm":528859,"minecraft:walk_one_cm":184430,"minecraft:drop":81,"minecraft:play_noteblock":1,"minecraft:sneak_time":1955,"minecraft:walk_under_water_one_cm":1283,"minecraft:jump":2442,"minecraft:interact_with_brewingstand":1,"minecraft:walk_on_water_one_cm":5119,"minecraft:interact_with_furnace":1,"minecraft:play_one_minute":113094,"minecraft:time_since_rest":113094,"minecraft:waystone_activated":2,"minecraft:damage_taken":290,"minecraft:trigger_trapped_chest":1,"minecraft:damage_dealt":0,"minecraft:swim_one_cm":3268,"minecraft:fly_one_cm":590966,"minecraft:open_chest":137,"minecraft:crouch_one_cm":3679,"minecraft:fall_one_cm":66640,"minecraft:horse_one_cm":86114}},"DataVersion":2586}