{"stats":{"minecraft:dropped":{"minecraft:wheat_seeds":22,"minecraft:coarse_dirt":2,"minecraft:tall_grass":2,"minecraft:stick":1,"minecraft:grass":4,"minecraft:sand":1,"pixelmon:power_lens":1},"minecraft:crafted":{"minecraft:oak_planks":44,"minecraft:crafting_table":1,"minecraft:furnace":1,"pixelmon:amethyst_axe":1,"minecraft:stick":4,"minecraft:chest":5,"pixelmon:amethyst_pickaxe":1},"minecraft:mined":{"minecraft:dark_oak_planks":6,"minecraft:diamond_ore":1,"minecraft:jungle_leaves":4,"minecraft:crafting_table":2,"minecraft:light_gray_terracotta":3,"pixelmon:red_clock":1,"minecraft:grass_block":3,"minecraft:dead_bush":3,"minecraft:chest":14,"minecraft:tall_grass":1,"minecraft:cobblestone":2,"minecraft:composter":4,"minecraft:white_terracotta":9,"minecraft:barrel":11,"minecraft:anvil":1,"minecraft:grass":1,"minecraft:oak_log":11,"minecraft:sand":2,"minecraft:dirt":1,"minecraft:terracotta":1,"minecraft:stone":15,"pixelmon:red_cushion_chair":3,"minecraft:oak_leaves":4},"minecraft:used":{"minecraft:diorite":2,"pixelmon:amethyst_axe":43,"minecraft:dead_bush":2,"minecraft:chest":9,"minecraft:white_terracotta":2,"minecraft:sandstone":1,"minecraft:composter":3,"minecraft:torch":4,"minecraft:dirt":3,"minecraft:sand":8,"minecraft:anvil":1,"minecraft:terracotta":1,"minecraft:crafting_table":3,"minecraft:red_bed":1,"minecraft:light_gray_terracotta":3,"minecraft:granite":1,"pixelmon:amethyst_pickaxe":44,"minecraft:diamond_ore":1,"minecraft:gravel":1,"minecraft:cobblestone":1,"minecraft:furnace":1},"minecraft:picked_up":{"pixelmon:green_shard":2,"pixelmon:red_shard":2,"minecraft:coarse_dirt":2,"minecraft:crafting_table":2,"pixelmon:revive":19,"minecraft:feather":9,"pixelmon:steel_gem":8,"pixelmon:x_special_defense":1,"minecraft:chicken":12,"minecraft:flower_pot":1,"minecraft:anvil":1,"minecraft:salmon":3,"minecraft:yellow_dye":1,"pixelmon:hyper_potion":3,"minecraft:potato":7,"pixelmon:film":16,"pixelmon:poke_ball":93,"minecraft:flint":5,"pixelmon:ice_heal":18,"minecraft:oak_log":11,"pixelmon:sky_tumblestone":1,"minecraft:dirt":4,"pixelmon:red_clock":1,"pixelmon:super_potion":10,"pixelmon:full_heal":17,"pixelmon:rock_gem":2,"pixelmon:x_attack":3,"minecraft:stone_bricks":2,"minecraft:wheat_seeds":32,"pixelmon:paralyze_heal":12,"pixelmon:potion":15,"minecraft:beef":4,"minecraft:tall_grass":2,"minecraft:chest":14,"minecraft:acacia_sapling":14,"pixelmon:awakening":10,"minecraft:egg":3,"pixelmon:persim_berry":3,"minecraft:ghast_tear":1,"minecraft:stick":3,"minecraft:sandstone":1,"pixelmon:black_tumblestone":1,"minecraft:stone":2,"pixelmon:x_accuracy":5,"minecraft:composter":3,"pixelmon:pretty_feather":2,"pixelmon:enigma_berry":3,"minecraft:gravel":1,"minecraft:porkchop":4,"pixelmon:muscle_feather":1,"minecraft:sand":9,"pixelmon:dire_hit":1,"minecraft:diorite":2,"minecraft:carrot":5,"minecraft:dead_bush":2,"minecraft:barrel":11,"minecraft:dark_oak_planks":6,"pixelmon:x_defense":2,"minecraft:light_gray_terracotta":3,"pixelmon:black_cushion_chair":3,"minecraft:rotten_flesh":1,"pixelmon:tumblestone":2,"pixelmon:komala_coffee":2,"minecraft:diamond":1,"minecraft:granite":1,"minecraft:bone_meal":1,"minecraft:grass":7,"minecraft:emerald":4,"minecraft:bread":17,"minecraft:terracotta":1,"minecraft:white_terracotta":8,"pixelmon:x_speed":1,"minecraft:mutton":5,"minecraft:cod":10,"pixelmon:camera":2,"minecraft:cobblestone":16},"minecraft:custom":{"minecraft:interact_with_furnace":1,"minecraft:interact_with_crafting_table":7,"minecraft:open_barrel":15,"minecraft:play_one_minute":96392,"minecraft:leave_game":2,"minecraft:time_since_death":96392,"minecraft:climb_one_cm":1369,"minecraft:time_since_rest":96392,"minecraft:waystone_activated":2,"minecraft:sprint_one_cm":308565,"minecraft:damage_taken":885,"minecraft:walk_one_cm":83464,"minecraft:drop":10,"minecraft:fly_one_cm":609788,"minecraft:open_chest":70,"minecraft:crouch_one_cm":2821,"minecraft:sneak_time":766,"minecraft:walk_under_water_one_cm":170,"minecraft:interact_with_lectern":2,"minecraft:jump":2274,"minecraft:interact_with_brewingstand":2,"minecraft:walk_on_water_one_cm":2821,"minecraft:fall_one_cm":73454}},"DataVersion":2586}