{
  "minecraft:recipes/tools/fishing_rod": {
    "criteria": {
      "has_string": "2024-06-19 16:08:18 +0000"
    },
    "done": true
  },
  "pixelmon:recipes/decor/vending_machine/green_vending_machine": {
    "criteria": {
      "has_fresh_water": "2024-06-19 15:11:29 +0000"
    },
    "done": true
  },
  "pixelmon:recipes/equipment/camera": {
    "criteria": {
      "has_film": "2024-06-19 15:26:20 +0000"
    },
    "done": true
  },
  "pixelmon:recipes/machines/computer/black_pc": {
    "criteria": {
      "has_pc": "2024-06-19 15:27:32 +0000"
    },
    "done": true
  },
  "minecraft:recipes/redstone/lever": {
    "criteria": {
      "has_cobblestone": "2024-06-19 15:48:18 +0000"
    },
    "done": true
  },
  "minecraft:recipes/building_blocks/cobblestone_stairs_from_cobblestone_stonecutting": {
    "criteria": {
      "has_cobblestone": "2024-06-19 15:48:18 +0000"
    },
    "done": true
  },
  "minecraft:recipes/building_blocks/magenta_concrete_powder": {
    "criteria": {
      "has_sand": "2024-06-19 14:58:45 +0000"
    },
    "done": true
  },
  "pixelmon:recipes/decor/vending_machine/red_vending_machine": {
    "criteria": {
      "has_fresh_water": "2024-06-19 15:11:29 +0000"
    },
    "done": true
  },
  "pixelmon:recipes/decor/water_float/blue_water_float": {
    "criteria": {
      "has_slime": "2024-06-19 15:09:45 +0000"
    },
    "done": true
  },
  "naturescompass:natures_compass": {
    "criteria": {
      "has_recipe": "2024-06-19 16:24:34 +0000"
    },
    "done": true
  },
  "securitycraft:recipes/securitycraft/reinforced_andesite_with_vanilla_diorite": {
    "criteria": {
      "has_cobblestone": "2024-06-19 15:48:18 +0000"
    },
    "done": true
  },
  "minecraft:recipes/redstone/spruce_door": {
    "criteria": {
      "has_planks": "2024-06-19 16:24:39 +0000"
    },
    "done": true
  },
  "pixelmon:recipes/decor/water_float/light_blue_water_float": {
    "criteria": {
      "has_slime": "2024-06-19 15:09:45 +0000"
    },
    "done": true
  },
  "biomesoplenty:recipes/transportation/willow_boat": {
    "criteria": {
      "in_water": "2024-06-19 15:01:46 +0000"
    },
    "done": true
  },
  "pixelmon:recipes/decor/gym_signs/lime_gym_sign": {
    "criteria": {
      "has_ingot": "2024-06-19 15:28:28 +0000"
    },
    "done": true
  },
  "minecraft:recipes/building_blocks/lime_concrete_powder": {
    "criteria": {
      "has_sand": "2024-06-19 14:58:45 +0000"
    },
    "done": true
  },
  "securitycraft:recipes/securitycraft/reinforced_spruce_fence": {
    "criteria": {
      "has_stick": "2024-06-19 15:14:52 +0000"
    },
    "done": true
  },
  "minecraft:recipes/building_blocks/cut_sandstone_from_sandstone_stonecutting": {
    "criteria": {
      "has_sandstone": "2024-06-19 14:57:46 +0000"
    },
    "done": true
  },
  "minecraft:recipes/building_blocks/yellow_concrete_powder": {
    "criteria": {
      "has_sand": "2024-06-19 14:58:45 +0000"
    },
    "done": true
  },
  "minecraft:recipes/redstone/spruce_fence_gate": {
    "criteria": {
      "has_planks": "2024-06-19 16:24:39 +0000"
    },
    "done": true
  },
  "minecraft:recipes/combat/leather_helmet": {
    "criteria": {
      "has_leather": "2024-06-19 16:12:42 +0000"
    },
    "done": true
  },
  "pixelmon:recipes/pokeball/lid/friend_ball_lid": {
    "criteria": {
      "has_great_ball": "2024-06-19 15:32:26 +0000"
    },
    "done": true
  },
  "pixelmon:recipes/super_repel": {
    "criteria": {
      "has_ingot": "2024-06-19 15:28:28 +0000"
    },
    "done": true
  },
  "minecraft:recipes/building_blocks/dark_prismarine": {
    "criteria": {
      "has_prismarine_shard": "2024-06-19 15:33:41 +0000"
    },
    "done": true
  },
  "minecraft:recipes/decorations/campfire": {
    "criteria": {
      "has_stick": "2024-06-19 15:14:52 +0000"
    },
    "done": true
  },
  "minecraft:recipes/decorations/crafting_table": {
    "criteria": {
      "has_planks": "2024-06-19 16:24:39 +0000"
    },
    "done": true
  },
  "minecraft:recipes/tools/golden_hoe": {
    "criteria": {
      "has_gold_ingot": "2024-06-19 15:38:58 +0000"
    },
    "done": true
  },
  "pixelmon:recipes/decor/water_float/magenta_water_float": {
    "criteria": {
      "has_slime": "2024-06-19 15:09:45 +0000"
    },
    "done": true
  },
  "biomesoplenty:recipes/transportation/mahogany_boat": {
    "criteria": {
      "in_water": "2024-06-19 15:01:46 +0000"
    },
    "done": true
  },
  "pixelmon:recipes/pokeball/lid/net_ball_lid": {
    "criteria": {
      "has_great_ball": "2024-06-19 15:32:26 +0000"
    },
    "done": true
  },
  "minecraft:recipes/decorations/ladder": {
    "criteria": {
      "has_stick": "2024-06-19 15:14:52 +0000"
    },
    "done": true
  },
  "pixelmon:recipes/lures/lure_type_strong": {
    "criteria": {
      "has_case_recipe": "2024-06-19 15:38:58 +0000"
    },
    "done": true
  },
  "minecraft:recipes/decorations/chest": {
    "criteria": {
      "has_lots_of_items": "2024-06-19 15:23:43 +0000"
    },
    "done": true
  },
  "minecraft:recipes/combat/golden_sword": {
    "criteria": {
      "has_gold_ingot": "2024-06-19 15:38:58 +0000"
    },
    "done": true
  },
  "minecraft:recipes/building_blocks/brown_concrete_powder": {
    "criteria": {
      "has_sand": "2024-06-19 14:58:45 +0000"
    },
    "done": true
  },
  "minecraft:recipes/redstone/spruce_button": {
    "criteria": {
      "has_planks": "2024-06-19 16:24:39 +0000"
    },
    "done": true
  },
  "minecraft:recipes/tools/wooden_shovel": {
    "criteria": {
      "has_stick": "2024-06-19 15:14:52 +0000"
    },
    "done": true
  },
  "pixelmon:recipes/decor/vending_machine/lime_vending_machine": {
    "criteria": {
      "has_fresh_water": "2024-06-19 15:11:29 +0000"
    },
    "done": true
  },
  "pixelmon:recipes/equipment/movement/old_running_boots": {
    "criteria": {
      "has_boots": "2024-06-19 15:38:06 +0000"
    },
    "done": true
  },
  "pixelmon:recipes/decor/gym_signs/blue_gym_sign": {
    "criteria": {
      "has_ingot": "2024-06-19 15:28:28 +0000"
    },
    "done": true
  },
  "biomesoplenty:recipes/transportation/dead_boat": {
    "criteria": {
      "in_water": "2024-06-19 15:01:46 +0000"
    },
    "done": true
  },
  "minecraft:recipes/misc/white_dye": {
    "criteria": {
      "has_bone_meal": "2024-06-19 15:39:05 +0000"
    },
    "done": true
  },
  "explorerscompass:explorers_compass_cobweb": {
    "criteria": {
      "has_cobweb": "2024-06-19 16:10:32 +0000"
    },
    "done": true
  },
  "minecraft:recipes/misc/stick": {
    "criteria": {
      "has_planks": "2024-06-19 16:24:39 +0000"
    },
    "done": true
  },
  "pixelmon:recipes/max_repel": {
    "criteria": {
      "has_ingot": "2024-06-19 15:28:28 +0000"
    },
    "done": true
  },
  "pixelmon:recipes/equipment/flute/red_flute": {
    "criteria": {
      "has_flute": "2024-06-19 15:30:30 +0000"
    },
    "done": true
  },
  "pixelmon:recipes/decor/terrain/poke_dirt": {
    "criteria": {
      "has_dirt": "2024-06-19 15:06:29 +0000"
    },
    "done": true
  },
  "pixelmon:recipes/infuser/incense/all_incense": {
    "criteria": {
      "has_the_recipe": "2024-06-19 15:47:52 +0000"
    },
    "done": true
  },
  "minecraft:recipes/transportation/spruce_boat": {
    "criteria": {
      "in_water": "2024-06-19 15:01:46 +0000"
    },
    "done": true
  },
  "securitycraft:recipes/securitycraft/reinforced_oak_fence": {
    "criteria": {
      "has_stick": "2024-06-19 15:14:52 +0000"
    },
    "done": true
  },
  "pixelmon:recipes/pokeball/lid/premier_ball_lid": {
    "criteria": {
      "has_poke_ball": "2024-06-19 16:14:51 +0000"
    },
    "done": true
  },
  "pixelmon:recipes/decor/gym_signs/black_gym_sign": {
    "criteria": {
      "has_ingot": "2024-06-19 15:28:28 +0000"
    },
    "done": true
  },
  "pixelmon:recipes/pokeball/lid/dusk_ball_lid": {
    "criteria": {
      "has_great_ball": "2024-06-19 15:32:26 +0000"
    },
    "done": true
  },
  "pixelmon:recipes/machines/cookingpot": {
    "criteria": {
      "has_ingot": "2024-06-19 15:28:28 +0000"
    },
    "done": true
  },
  "pixelmon:recipes/pokeball/lid/safari_ball_lid": {
    "criteria": {
      "has_great_ball": "2024-06-19 15:32:26 +0000"
    },
    "done": true
  },
  "securitycraft:recipes/securitycraft/reinforced_dark_oak_fence_gate": {
    "criteria": {
      "has_stick": "2024-06-19 15:14:52 +0000"
    },
    "done": true
  },
  "minecraft:recipes/misc/gold_nugget": {
    "criteria": {
      "has_gold_ingot": "2024-06-19 15:38:58 +0000"
    },
    "done": true
  },
  "securitycraft:recipes/securitycraft/reinforced_andesite_with_vanilla_cobblestone": {
    "criteria": {
      "has_cobblestone": "2024-06-19 15:48:18 +0000"
    },
    "done": true
  },
  "minecraft:recipes/building_blocks/sandstone_stairs": {
    "criteria": {
      "has_sandstone": "2024-06-19 14:57:46 +0000"
    },
    "done": true
  },
  "minecraft:recipes/tools/wooden_hoe": {
    "criteria": {
      "has_stick": "2024-06-19 15:14:52 +0000"
    },
    "done": true
  },
  "pixelmon:recipes/pokeball/lid/fast_ball_lid": {
    "criteria": {
      "has_great_ball": "2024-06-19 15:32:26 +0000"
    },
    "done": true
  },
  "minecraft:recipes/building_blocks/cobblestone_slab": {
    "criteria": {
      "has_cobblestone": "2024-06-19 15:48:18 +0000"
    },
    "done": true
  },
  "minecraft:recipes/food/cooked_cod": {
    "criteria": {
      "has_cod": "2024-06-19 15:11:29 +0000"
    },
    "done": true
  },
  "pixelmon:recipes/decor/gym_signs/cyan_gym_sign": {
    "criteria": {
      "has_ingot": "2024-06-19 15:28:28 +0000"
    },
    "done": true
  },
  "pixelmon:pokedex/pokedex_trigger": {
    "criteria": {
      "pokedex_base": "2024-06-19 14:55:33 +0000"
    },
    "done": true
  },
  "pixelmon:recipes/decor/gym_signs/light_blue_gym_sign": {
    "criteria": {
      "has_ingot": "2024-06-19 15:28:28 +0000"
    },
    "done": true
  },
  "minecraft:recipes/building_blocks/cobblestone_stairs": {
    "criteria": {
      "has_cobblestone": "2024-06-19 15:48:18 +0000"
    },
    "done": true
  },
  "biomesoplenty:recipes/transportation/magic_boat": {
    "criteria": {
      "in_water": "2024-06-19 15:01:46 +0000"
    },
    "done": true
  },
  "pixelmon:recipes/decor/sand/poke_sand": {
    "criteria": {
      "has_sandstone": "2024-06-19 14:57:46 +0000"
    },
    "done": true
  },
  "minecraft:recipes/building_blocks/chiseled_sandstone_from_sandstone_stonecutting": {
    "criteria": {
      "has_sandstone": "2024-06-19 14:57:46 +0000"
    },
    "done": true
  },
  "pixelmon:recipes/decor/water_float/yellow_water_float": {
    "criteria": {
      "has_slime": "2024-06-19 15:09:45 +0000"
    },
    "done": true
  },
  "pixelmon:recipes/decor/gym_signs/orange_gym_sign": {
    "criteria": {
      "has_ingot": "2024-06-19 15:28:28 +0000"
    },
    "done": true
  },
  "pixelmon:recipes/pokeball/lid/sport_ball_lid": {
    "criteria": {
      "has_great_ball": "2024-06-19 15:32:26 +0000"
    },
    "done": true
  },
  "naturescompass:natures_compass_sapling": {
    "criteria": {
      "has_recipe": "2024-06-19 16:24:34 +0000"
    },
    "done": true
  },
  "minecraft:recipes/building_blocks/light_gray_concrete_powder": {
    "criteria": {
      "has_sand": "2024-06-19 14:58:45 +0000"
    },
    "done": true
  },
  "minecraft:recipes/building_blocks/light_blue_concrete_powder": {
    "criteria": {
      "has_sand": "2024-06-19 14:58:45 +0000"
    },
    "done": true
  },
  "pixelmon:recipes/decor/gym_signs/gray_gym_sign": {
    "criteria": {
      "has_ingot": "2024-06-19 15:28:28 +0000"
    },
    "done": true
  },
  "securitycraft:recipes/securitycraft/reinforced_spruce_fence_gate": {
    "criteria": {
      "has_stick": "2024-06-19 15:14:52 +0000"
    },
    "done": true
  },
  "biomesoplenty:recipes/transportation/cherry_boat": {
    "criteria": {
      "in_water": "2024-06-19 15:01:46 +0000"
    },
    "done": true
  },
  "pixelmon:recipes/equipment/movement/acro_bike_frame": {
    "criteria": {
      "has_ingot": "2024-06-19 15:28:28 +0000"
    },
    "done": true
  },
  "pixelmon:recipes/equipment/crystal/crystal_equipment": {
    "criteria": {
      "has_crystal": "2024-06-19 15:49:35 +0000"
    },
    "done": true
  },
  "biomesoplenty:recipes/transportation/fir_boat": {
    "criteria": {
      "in_water": "2024-06-19 15:01:46 +0000"
    },
    "done": true
  },
  "pixelmon:recipes/equipment/flute/blue_flute": {
    "criteria": {
      "has_flute": "2024-06-19 15:30:30 +0000"
    },
    "done": true
  },
  "minecraft:recipes/misc/leather_horse_armor": {
    "criteria": {
      "has_leather": "2024-06-19 16:12:42 +0000"
    },
    "done": true
  },
  "pixelmon:recipes/pokeball/lid/love_ball_lid": {
    "criteria": {
      "has_great_ball": "2024-06-19 15:32:26 +0000"
    },
    "done": true
  },
  "minecraft:recipes/building_blocks/glass": {
    "criteria": {
      "has_sand": "2024-06-19 14:58:45 +0000"
    },
    "done": true
  },
  "minecraft:recipes/combat/leather_leggings": {
    "criteria": {
      "has_leather": "2024-06-19 16:12:42 +0000"
    },
    "done": true
  },
  "minecraft:recipes/tools/golden_shovel": {
    "criteria": {
      "has_gold_ingot": "2024-06-19 15:38:58 +0000"
    },
    "done": true
  },
  "minecraft:recipes/building_blocks/pink_concrete_powder": {
    "criteria": {
      "has_sand": "2024-06-19 14:58:45 +0000"
    },
    "done": true
  },
  "sophisticatedbackpacks:recipes/sophisticatedbackpacks/blasting_upgrade": {
    "criteria": {
      "has_upgrade_base": "2024-06-19 14:56:16 +0000"
    },
    "done": true
  },
  "minecraft:recipes/building_blocks/sandstone_slab": {
    "criteria": {
      "has_sandstone": "2024-06-19 14:57:46 +0000"
    },
    "done": true
  },
  "pixelmon:recipes/decor/water_float/black_water_float_dyed": {
    "criteria": {
      "has_the_recipe": "2024-06-19 15:09:45 +0000"
    },
    "done": true
  },
  "minecraft:recipes/combat/bow": {
    "criteria": {
      "has_string": "2024-06-19 16:08:18 +0000"
    },
    "done": true
  },
  "pixelmon:recipes/decor/water_float/blue_water_float_dyed": {
    "criteria": {
      "has_the_recipe": "2024-06-19 15:09:45 +0000"
    },
    "done": true
  },
  "pixelmon:recipes/lures/lure_ha_weak": {
    "criteria": {
      "has_petaya": "2024-06-19 15:28:49 +0000"
    },
    "done": true
  },
  "minecraft:recipes/building_blocks/smooth_sandstone": {
    "criteria": {
      "has_sandstone": "2024-06-19 14:57:46 +0000"
    },
    "done": true
  },
  "sophisticatedbackpacks:recipes/sophisticatedbackpacks/auto_smoking_upgrade": {
    "criteria": {
      "has_smoking_upgrade": "2024-06-19 14:56:16 +0000"
    },
    "done": true
  },
  "pixelmon:recipes/machines/trade_machine/trade_holder_right": {
    "criteria": {
      "has_poke_ball": "2024-06-19 15:23:43 +0000"
    },
    "done": true
  },
  "pixelmon:recipes/pokeball/base/aluminum_base": {
    "criteria": {
      "has_ingot": "2024-06-19 14:56:16 +0000"
    },
    "done": true
  },
  "minecraft:recipes/building_blocks/cut_sandstone_slab_from_cut_sandstone_stonecutting": {
    "criteria": {
      "has_cut_sandstone": "2024-06-19 14:57:46 +0000"
    },
    "done": true
  },
  "minecraft:recipes/building_blocks/purple_concrete_powder": {
    "criteria": {
      "has_sand": "2024-06-19 14:58:45 +0000"
    },
    "done": true
  },
  "pixelmon:recipes/machines/computer/blue_pc": {
    "criteria": {
      "has_pc": "2024-06-19 15:27:32 +0000"
    },
    "done": true
  },
  "pixelmon:recipes/machines/computer/light_blue_pc": {
    "criteria": {
      "has_pc": "2024-06-19 15:27:32 +0000"
    },
    "done": true
  },
  "securitycraft:recipes/securitycraft/reinforced_crimson_fence_gate": {
    "criteria": {
      "has_stick": "2024-06-19 15:14:52 +0000"
    },
    "done": true
  },
  "minecraft:recipes/building_blocks/gold_block": {
    "criteria": {
      "has_gold_ingot": "2024-06-19 15:38:58 +0000"
    },
    "done": true
  },
  "securitycraft:recipes/securitycraft/reinforced_birch_fence_gate": {
    "criteria": {
      "has_stick": "2024-06-19 15:14:52 +0000"
    },
    "done": true
  },
  "minecraft:story/mine_stone": {
    "criteria": {
      "get_stone": "2024-06-19 15:48:18 +0000"
    },
    "done": true
  },
  "biomesoplenty:biomesoplenty/all_biomes": {
    "criteria": {
      "alps_foothills": "2024-06-19 15:50:50 +0000",
      "shroomy_wetland": "2024-06-19 16:05:43 +0000",
      "marsh": "2024-06-19 15:40:58 +0000",
      "wetland": "2024-06-19 16:05:20 +0000",
      "meadow_forest": "2024-06-19 15:54:51 +0000",
      "tundra_bog": "2024-06-19 15:45:12 +0000",
      "dryland": "2024-06-19 15:23:24 +0000",
      "meadow": "2024-06-19 15:54:42 +0000",
      "tundra": "2024-06-19 15:45:14 +0000"
    },
    "done": false
  },
  "minecraft:recipes/decorations/furnace": {
    "criteria": {
      "has_cobblestone": "2024-06-19 15:48:18 +0000"
    },
    "done": true
  },
  "pixelmon:recipes/equipment/flute/black_flute": {
    "criteria": {
      "has_flute": "2024-06-19 15:30:30 +0000"
    },
    "done": true
  },
  "securitycraft:recipes/securitycraft/reinforced_acacia_fence_gate": {
    "criteria": {
      "has_stick": "2024-06-19 15:14:52 +0000"
    },
    "done": true
  },
  "pixelmon:recipes/decor/vending_machine/gray_vending_machine": {
    "criteria": {
      "has_fresh_water": "2024-06-19 15:11:29 +0000"
    },
    "done": true
  },
  "pixelmon:recipes/machines/trade_machine/trade_monitor": {
    "criteria": {
      "has_poke_ball": "2024-06-19 15:23:43 +0000"
    },
    "done": true
  },
  "securitycraft:recipes/securitycraft/reinforced_jungle_fence": {
    "criteria": {
      "has_stick": "2024-06-19 15:14:52 +0000"
    },
    "done": true
  },
  "minecraft:recipes/building_blocks/sandstone": {
    "criteria": {
      "has_sand": "2024-06-19 14:58:45 +0000"
    },
    "done": true
  },
  "minecraft:recipes/misc/charcoal": {
    "criteria": {
      "has_log": "2024-06-19 16:24:34 +0000"
    },
    "done": true
  },
  "minecraft:recipes/building_blocks/spruce_planks": {
    "criteria": {
      "has_logs": "2024-06-19 16:24:34 +0000"
    },
    "done": true
  },
  "pixelmon:recipes/curry/smoke_poke": {
    "criteria": {
      "has_slowpoke_tail": "2024-06-19 15:55:55 +0000"
    },
    "done": true
  },
  "pixelmon:recipes/machines/computer/purple_pc": {
    "criteria": {
      "has_pc": "2024-06-19 15:27:32 +0000"
    },
    "done": true
  },
  "minecraft:recipes/tools/wooden_pickaxe": {
    "criteria": {
      "has_stick": "2024-06-19 15:14:52 +0000"
    },
    "done": true
  },
  "sophisticatedbackpacks:recipes/sophisticatedbackpacks/smoking_upgrade_from_smelting_upgrade": {
    "criteria": {
      "has_smelting_upgrade": "2024-06-19 14:56:16 +0000"
    },
    "done": true
  },
  "minecraft:recipes/building_blocks/cobblestone_slab_from_cobblestone_stonecutting": {
    "criteria": {
      "has_cobblestone": "2024-06-19 15:48:18 +0000"
    },
    "done": true
  },
  "pixelmon:recipes/equipment/rocket/rocket_equipment": {
    "criteria": {
      "has_amethyst": "2024-06-19 15:47:33 +0000"
    },
    "done": true
  },
  "pixelmon:recipes/incense_burner": {
    "criteria": {
      "has_coal": "2024-06-19 15:47:52 +0000"
    },
    "done": true
  },
  "minecraft:recipes/transportation/birch_boat": {
    "criteria": {
      "in_water": "2024-06-19 15:01:46 +0000"
    },
    "done": true
  },
  "minecraft:recipes/food/golden_apple": {
    "criteria": {
      "has_gold_ingot": "2024-06-19 15:38:58 +0000"
    },
    "done": true
  },
  "securitycraft:recipes/securitycraft/sonic_security_system": {
    "criteria": {
      "has_stick": "2024-06-19 15:14:52 +0000"
    },
    "done": true
  },
  "minecraft:recipes/building_blocks/green_concrete_powder": {
    "criteria": {
      "has_sand": "2024-06-19 14:58:45 +0000"
    },
    "done": true
  },
  "minecraft:recipes/transportation/acacia_boat": {
    "criteria": {
      "in_water": "2024-06-19 15:01:46 +0000"
    },
    "done": true
  },
  "pixelmon:recipes/equipment/aluminium/aluminium_equipment": {
    "criteria": {
      "has_aluminium": "2024-06-19 15:28:28 +0000"
    },
    "done": true
  },
  "pixelmon:recipes/decor/vending_machine/cyan_vending_machine": {
    "criteria": {
      "has_fresh_water": "2024-06-19 15:11:29 +0000"
    },
    "done": true
  },
  "pixelmon:recipes/machines/computer/orange_pc": {
    "criteria": {
      "has_pc": "2024-06-19 15:27:32 +0000"
    },
    "done": true
  },
  "pixelmon:recipes/lures/lure_casing_strong": {
    "criteria": {
      "has_gold_ingot": "2024-06-19 15:38:58 +0000"
    },
    "done": true
  },
  "sophisticatedbackpacks:recipes/sophisticatedbackpacks/auto_blasting_upgrade_from_auto_smelting_upgrade": {
    "criteria": {
      "has_auto_smelting_upgrade": "2024-06-19 14:56:16 +0000"
    },
    "done": true
  },
  "pixelmon:recipes/decor/water_float/light_gray_water_float": {
    "criteria": {
      "has_slime": "2024-06-19 15:09:45 +0000"
    },
    "done": true
  },
  "minecraft:recipes/building_blocks/white_concrete_powder": {
    "criteria": {
      "has_sand": "2024-06-19 14:58:45 +0000"
    },
    "done": true
  },
  "minecraft:recipes/decorations/item_frame": {
    "criteria": {
      "has_leather": "2024-06-19 16:12:42 +0000"
    },
    "done": true
  },
  "pixelmon:recipes/equipment/flute/yellow_flute": {
    "criteria": {
      "has_flute": "2024-06-19 15:30:30 +0000"
    },
    "done": true
  },
  "pixelmon:recipes/machines/computer/magenta_pc": {
    "criteria": {
      "has_pc": "2024-06-19 15:27:32 +0000"
    },
    "done": true
  },
  "minecraft:recipes/building_blocks/white_wool_from_string": {
    "criteria": {
      "has_string": "2024-06-19 16:08:18 +0000"
    },
    "done": true
  },
  "minecraft:recipes/tools/stone_hoe": {
    "criteria": {
      "has_cobblestone": "2024-06-19 15:48:18 +0000"
    },
    "done": true
  },
  "minecraft:recipes/decorations/spruce_fence": {
    "criteria": {
      "has_planks": "2024-06-19 16:24:39 +0000"
    },
    "done": true
  },
  "pixelmon:recipes/decor/water_float/cyan_water_float_dyed": {
    "criteria": {
      "has_the_recipe": "2024-06-19 15:09:45 +0000"
    },
    "done": true
  },
  "pixelmon:recipes/decor/vending_machine/light_blue_vending_machine": {
    "criteria": {
      "has_fresh_water": "2024-06-19 15:11:29 +0000"
    },
    "done": true
  },
  "pixelmon:recipes/equipment/movement/mach_bike_frame": {
    "criteria": {
      "has_ingot": "2024-06-19 15:28:28 +0000"
    },
    "done": true
  },
  "pixelmon:recipes/decor/gym_signs/green_gym_sign": {
    "criteria": {
      "has_ingot": "2024-06-19 15:28:28 +0000"
    },
    "done": true
  },
  "pixelmon:recipes/decor/water_float/red_water_float_dyed": {
    "criteria": {
      "has_the_recipe": "2024-06-19 15:09:45 +0000"
    },
    "done": true
  },
  "pixelmon:recipes/decor/gym_signs/yellow_gym_sign": {
    "criteria": {
      "has_ingot": "2024-06-19 15:28:28 +0000"
    },
    "done": true
  },
  "pixelmon:recipes/decor/water_float/gray_water_float_dyed": {
    "criteria": {
      "has_the_recipe": "2024-06-19 15:09:45 +0000"
    },
    "done": true
  },
  "pixelmon:recipes/curry/toast": {
    "criteria": {
      "has_bread": "2024-06-19 15:26:20 +0000"
    },
    "done": true
  },
  "pixelmon:recipes/decor/water_float/lime_water_float": {
    "criteria": {
      "has_slime": "2024-06-19 15:09:45 +0000"
    },
    "done": true
  },
  "pixelmon:recipes/equipment/flute/green_flute": {
    "criteria": {
      "has_flute": "2024-06-19 15:30:30 +0000"
    },
    "done": true
  },
  "pixelmon:recipes/furnace/silicon_ore": {
    "criteria": {
      "has_ore": "2024-06-19 15:47:45 +0000"
    },
    "done": true
  },
  "pixelmon:recipes/decor/vending_machine/light_gray_vending_machine": {
    "criteria": {
      "has_fresh_water": "2024-06-19 15:11:29 +0000"
    },
    "done": true
  },
  "minecraft:recipes/building_blocks/spruce_stairs": {
    "criteria": {
      "has_planks": "2024-06-19 16:24:39 +0000"
    },
    "done": true
  },
  "minecraft:recipes/misc/iron_nugget_from_smelting": {
    "criteria": {
      "has_iron_pickaxe": "2024-06-19 15:34:04 +0000"
    },
    "done": true
  },
  "pixelmon:recipes/decor/water_float/gray_water_float": {
    "criteria": {
      "has_slime": "2024-06-19 15:09:45 +0000"
    },
    "done": true
  },
  "pixelmon:recipes/decor/household_items/box": {
    "criteria": {
      "has_paper": "2024-06-19 15:24:54 +0000"
    },
    "done": true
  },
  "pixelmon:recipes/machines/infuser": {
    "criteria": {
      "has_ingot": "2024-06-19 15:28:28 +0000"
    },
    "done": true
  },
  "minecraft:recipes/decorations/slime_block": {
    "criteria": {
      "has_slime_ball": "2024-06-19 15:09:45 +0000"
    },
    "done": true
  },
  "naturescompass:natures_compass_log": {
    "criteria": {
      "has_log": "2024-06-19 16:24:34 +0000"
    },
    "done": true
  },
  "pixelmon:recipes/machines/computer/pc": {
    "criteria": {
      "has_pc": "2024-06-19 15:27:32 +0000"
    },
    "done": true
  },
  "securitycraft:recipes/securitycraft/reinforced_warped_fence_gate": {
    "criteria": {
      "has_stick": "2024-06-19 15:14:52 +0000"
    },
    "done": true
  },
  "pixelmon:recipes/decor/gym_signs/light_gray_gym_sign": {
    "criteria": {
      "has_ingot": "2024-06-19 15:28:28 +0000"
    },
    "done": true
  },
  "pixelmon:recipes/lures/lure_type_weak": {
    "criteria": {
      "has_case_recipe": "2024-06-19 15:49:35 +0000"
    },
    "done": true
  },
  "minecraft:recipes/transportation/oak_boat": {
    "criteria": {
      "in_water": "2024-06-19 15:01:46 +0000"
    },
    "done": true
  },
  "pixelmon:recipes/decor/water_float/cyan_water_float": {
    "criteria": {
      "has_slime": "2024-06-19 15:09:45 +0000"
    },
    "done": true
  },
  "pixelmon:recipes/machines/computer/lime_pc": {
    "criteria": {
      "has_pc": "2024-06-19 15:27:32 +0000"
    },
    "done": true
  },
  "minecraft:recipes/food/cooked_cod_from_campfire_cooking": {
    "criteria": {
      "has_cod": "2024-06-19 15:11:29 +0000"
    },
    "done": true
  },
  "securitycraft:recipes/securitycraft/reinforced_sticky_piston": {
    "criteria": {
      "has_slime_ball": "2024-06-19 15:09:45 +0000"
    },
    "done": true
  },
  "minecraft:recipes/misc/gold_ingot_from_gold_block": {
    "criteria": {
      "has_gold_block": "2024-06-19 15:53:41 +0000"
    },
    "done": true
  },
  "minecraft:recipes/decorations/sandstone_wall_from_sandstone_stonecutting": {
    "criteria": {
      "has_sandstone": "2024-06-19 14:57:46 +0000"
    },
    "done": true
  },
  "minecraft:recipes/building_blocks/orange_concrete_powder": {
    "criteria": {
      "has_sand": "2024-06-19 14:58:45 +0000"
    },
    "done": true
  },
  "pixelmon:recipes/decor/gym_signs/white_gym_sign": {
    "criteria": {
      "has_ingot": "2024-06-19 15:28:28 +0000"
    },
    "done": true
  },
  "minecraft:recipes/building_blocks/cyan_concrete_powder": {
    "criteria": {
      "has_sand": "2024-06-19 14:58:45 +0000"
    },
    "done": true
  },
  "pixelmon:recipes/decor/gym_signs/red_gym_sign": {
    "criteria": {
      "has_ingot": "2024-06-19 15:28:28 +0000"
    },
    "done": true
  },
  "pixelmon:recipes/decor/water_float/yellow_water_float_dyed": {
    "criteria": {
      "has_the_recipe": "2024-06-19 15:09:45 +0000"
    },
    "done": true
  },
  "pixelmon:recipes/decor/vending_machine/orange_vending_machine": {
    "criteria": {
      "has_fresh_water": "2024-06-19 15:11:29 +0000"
    },
    "done": true
  },
  "minecraft:recipes/combat/golden_boots": {
    "criteria": {
      "has_gold_ingot": "2024-06-19 15:38:58 +0000"
    },
    "done": true
  },
  "pixelmon:recipes/decor/gym_signs/magenta_gym_sign": {
    "criteria": {
      "has_ingot": "2024-06-19 15:28:28 +0000"
    },
    "done": true
  },
  "securitycraft:recipes/securitycraft/reinforced_crimson_fence": {
    "criteria": {
      "has_stick": "2024-06-19 15:14:52 +0000"
    },
    "done": true
  },
  "pixelmon:recipes/machines/computer/brown_pc": {
    "criteria": {
      "has_pc": "2024-06-19 15:27:32 +0000"
    },
    "done": true
  },
  "pixelmon:recipes/equipment/plasma/plasma_equipment": {
    "criteria": {
      "has_crystal": "2024-06-19 15:49:35 +0000"
    },
    "done": true
  },
  "pixelmon:recipes/decor/water_float/black_water_float": {
    "criteria": {
      "has_slime": "2024-06-19 15:09:45 +0000"
    },
    "done": true
  },
  "minecraft:recipes/tools/wooden_axe": {
    "criteria": {
      "has_stick": "2024-06-19 15:14:52 +0000"
    },
    "done": true
  },
  "pixelmon:recipes/machines/trade_machine/trade_holder_left": {
    "criteria": {
      "has_poke_ball": "2024-06-19 15:23:43 +0000"
    },
    "done": true
  },
  "minecraft:recipes/decorations/spruce_sign": {
    "criteria": {
      "has_spruce_planks": "2024-06-19 16:24:39 +0000"
    },
    "done": true
  },
  "pixelmon:recipes/decor/water_float/white_water_float": {
    "criteria": {
      "has_slime": "2024-06-19 15:09:45 +0000"
    },
    "done": true
  },
  "pixelmon:recipes/decor/water_float/white_water_float_dyed": {
    "criteria": {
      "has_the_recipe": "2024-06-19 15:09:45 +0000"
    },
    "done": true
  },
  "pixelmon:recipes/pokeball/base/platinum_base": {
    "criteria": {
      "has_ingot": "2024-06-19 14:56:16 +0000"
    },
    "done": true
  },
  "pixelmon:recipes/decor/bench/spruce_bench": {
    "criteria": {
      "has_planks": "2024-06-19 16:24:39 +0000"
    },
    "done": true
  },
  "minecraft:recipes/combat/golden_chestplate": {
    "criteria": {
      "has_gold_ingot": "2024-06-19 15:38:58 +0000"
    },
    "done": true
  },
  "biomesoplenty:recipes/transportation/umbran_boat": {
    "criteria": {
      "in_water": "2024-06-19 15:01:46 +0000"
    },
    "done": true
  },
  "minecraft:recipes/decorations/loom": {
    "criteria": {
      "has_string": "2024-06-19 16:08:18 +0000"
    },
    "done": true
  },
  "biomesoplenty:recipes/transportation/palm_boat": {
    "criteria": {
      "in_water": "2024-06-19 15:01:46 +0000"
    },
    "done": true
  },
  "pixelmon:recipes/pokeball/lid/repeat_ball_lid": {
    "criteria": {
      "has_great_ball": "2024-06-19 15:32:26 +0000"
    },
    "done": true
  },
  "sophisticatedbackpacks:recipes/sophisticatedbackpacks/iron_backpack": {
    "criteria": {
      "has_backpack": "2024-06-19 16:15:34 +0000"
    },
    "done": true
  },
  "pixelmon:recipes/machines/computer/white_pc": {
    "criteria": {
      "has_pc": "2024-06-19 15:27:32 +0000"
    },
    "done": true
  },
  "biomesoplenty:recipes/transportation/redwood_boat": {
    "criteria": {
      "in_water": "2024-06-19 15:01:46 +0000"
    },
    "done": true
  },
  "pixelmon:recipes/decor/vending_machine/magenta_vending_machine": {
    "criteria": {
      "has_fresh_water": "2024-06-19 15:11:29 +0000"
    },
    "done": true
  },
  "pixelmon:wild_battle_victories/wild_battle_victory_trigger": {
    "criteria": {
      "wild_battle_victory_trigger": "2024-06-19 14:58:42 +0000"
    },
    "done": true
  },
  "pixelmon:recipes/pokeball/lid/lure_ball_lid": {
    "criteria": {
      "has_great_ball": "2024-06-19 15:32:26 +0000"
    },
    "done": true
  },
  "securitycraft:recipes/securitycraft/sc_manual": {
    "criteria": {
      "has_wood": "2024-06-19 16:24:34 +0000"
    },
    "done": true
  },
  "pixelmon:recipes/decor/vending_machine/purple_vending_machine": {
    "criteria": {
      "has_fresh_water": "2024-06-19 15:11:29 +0000"
    },
    "done": true
  },
  "minecraft:recipes/building_blocks/spruce_wood": {
    "criteria": {
      "has_log": "2024-06-19 16:24:34 +0000"
    },
    "done": true
  },
  "minecraft:recipes/building_blocks/coal_block": {
    "criteria": {
      "has_coal": "2024-06-19 15:47:52 +0000"
    },
    "done": true
  },
  "pixelmon:recipes/decor/gym_signs/pink_gym_sign": {
    "criteria": {
      "has_ingot": "2024-06-19 15:28:28 +0000"
    },
    "done": true
  },
  "securitycraft:recipes/securitycraft/reinforced_birch_fence": {
    "criteria": {
      "has_stick": "2024-06-19 15:14:52 +0000"
    },
    "done": true
  },
  "minecraft:recipes/redstone/light_weighted_pressure_plate": {
    "criteria": {
      "has_gold_ingot": "2024-06-19 15:38:58 +0000"
    },
    "done": true
  },
  "minecraft:recipes/misc/gold_nugget_from_blasting": {
    "criteria": {
      "has_golden_chestplate": "2024-06-19 15:52:54 +0000"
    },
    "done": true
  },
  "pixelmon:recipes/lures/lure_ha_strong": {
    "criteria": {
      "has_petaya": "2024-06-19 15:28:49 +0000"
    },
    "done": true
  },
  "pixelmon:recipes/pokeball/lid/quick_ball_lid": {
    "criteria": {
      "has_great_ball": "2024-06-19 15:32:26 +0000"
    },
    "done": true
  },
  "pixelmon:recipes/infuser/juice/colorful_juice": {
    "criteria": {
      "has_juice_berry_2": "2024-06-19 14:56:16 +0000"
    },
    "done": true
  },
  "minecraft:recipes/combat/wooden_sword": {
    "criteria": {
      "has_stick": "2024-06-19 15:14:52 +0000"
    },
    "done": true
  },
  "minecraft:recipes/tools/stone_shovel": {
    "criteria": {
      "has_cobblestone": "2024-06-19 15:48:18 +0000"
    },
    "done": true
  },
  "pixelmon:recipes/lures/lure_shiny_weak": {
    "criteria": {
      "has_case_recipe": "2024-06-19 15:49:35 +0000"
    },
    "done": true
  },
  "minecraft:recipes/building_blocks/blue_concrete_powder": {
    "criteria": {
      "has_sand": "2024-06-19 14:58:45 +0000"
    },
    "done": true
  },
  "pixelmon:recipes/decor/water_float/orange_water_float_dyed": {
    "criteria": {
      "has_the_recipe": "2024-06-19 15:09:45 +0000"
    },
    "done": true
  },
  "securitycraft:recipes/securitycraft/reinforced_jungle_fence_gate": {
    "criteria": {
      "has_stick": "2024-06-19 15:14:52 +0000"
    },
    "done": true
  },
  "pixelmon:recipes/pokeball/lid/heavy_ball_lid": {
    "criteria": {
      "has_great_ball": "2024-06-19 15:32:26 +0000"
    },
    "done": true
  },
  "minecraft:recipes/building_blocks/gray_concrete_powder": {
    "criteria": {
      "has_sand": "2024-06-19 14:58:45 +0000"
    },
    "done": true
  },
  "tombstone:adventure/root": {
    "criteria": {
      "auto": "2024-06-19 14:55:24 +0000"
    },
    "done": true
  },
  "minecraft:recipes/building_blocks/spruce_slab": {
    "criteria": {
      "has_planks": "2024-06-19 16:24:39 +0000"
    },
    "done": true
  },
  "pixelmon:recipes/machines/computer/pink_pc": {
    "criteria": {
      "has_pc": "2024-06-19 15:27:32 +0000"
    },
    "done": true
  },
  "securitycraft:recipes/securitycraft/reinforced_andesite": {
    "criteria": {
      "has_cobblestone": "2024-06-19 15:48:18 +0000"
    },
    "done": true
  },
  "pixelmon:recipes/machines/computer/green_pc": {
    "criteria": {
      "has_pc": "2024-06-19 15:27:32 +0000"
    },
    "done": true
  },
  "pixelmon:recipes/decor/household_items/mug_ball": {
    "criteria": {
      "has_poke_ball": "2024-06-19 15:23:43 +0000"
    },
    "done": true
  },
  "pixelmon:recipes/pokeball/lid/luxury_ball_lid": {
    "criteria": {
      "has_great_ball": "2024-06-19 15:32:26 +0000"
    },
    "done": true
  },
  "minecraft:recipes/tools/golden_axe": {
    "criteria": {
      "has_gold_ingot": "2024-06-19 15:38:58 +0000"
    },
    "done": true
  },
  "pixelmon:recipes/pokeball/lid/moon_ball_lid": {
    "criteria": {
      "has_great_ball": "2024-06-19 15:32:26 +0000"
    },
    "done": true
  },
  "pixelmon:recipes/decor/vending_machine/white_vending_machine": {
    "criteria": {
      "has_fresh_water": "2024-06-19 15:11:29 +0000"
    },
    "done": true
  },
  "sophisticatedbackpacks:recipes/sophisticatedbackpacks/blasting_upgrade_from_smelting_upgrade": {
    "criteria": {
      "has_smelting_upgrade": "2024-06-19 14:56:16 +0000"
    },
    "done": true
  },
  "minecraft:recipes/combat/golden_helmet": {
    "criteria": {
      "has_gold_ingot": "2024-06-19 15:38:58 +0000"
    },
    "done": true
  },
  "minecraft:recipes/building_blocks/cut_sandstone_slab_from_sandstone_stonecutting": {
    "criteria": {
      "has_sandstone": "2024-06-19 14:57:46 +0000"
    },
    "done": true
  },
  "minecraft:recipes/tools/lead": {
    "criteria": {
      "has_slime_ball": "2024-06-19 15:09:45 +0000"
    },
    "done": true
  },
  "minecraft:recipes/redstone/tripwire_hook": {
    "criteria": {
      "has_string": "2024-06-19 16:08:18 +0000"
    },
    "done": true
  },
  "securitycraft:recipes/securitycraft/reinforced_acacia_fence": {
    "criteria": {
      "has_stick": "2024-06-19 15:14:52 +0000"
    },
    "done": true
  },
  "biomesoplenty:biomesoplenty/root": {
    "criteria": {
      "dryland": "2024-06-19 15:23:24 +0000"
    },
    "done": true
  },
  "minecraft:recipes/building_blocks/black_concrete_powder": {
    "criteria": {
      "has_sand": "2024-06-19 14:58:45 +0000"
    },
    "done": true
  },
  "pixelmon:recipes/equipment/reveal_glass": {
    "criteria": {
      "has_ruby": "2024-06-19 15:47:29 +0000"
    },
    "done": true
  },
  "minecraft:recipes/building_blocks/cut_sandstone": {
    "criteria": {
      "has_sandstone": "2024-06-19 14:57:46 +0000"
    },
    "done": true
  },
  "pixelmon:recipes/decor/vending_machine/pink_vending_machine": {
    "criteria": {
      "has_fresh_water": "2024-06-19 15:11:29 +0000"
    },
    "done": true
  },
  "securitycraft:recipes/securitycraft/laser_block": {
    "criteria": {
      "has_stone": "2024-06-19 15:48:18 +0000"
    },
    "done": true
  },
  "minecraft:story/iron_tools": {
    "criteria": {
      "iron_pickaxe": "2024-06-19 15:34:04 +0000"
    },
    "done": true
  },
  "minecraft:recipes/decorations/cartography_table": {
    "criteria": {
      "has_paper": "2024-06-19 15:24:54 +0000"
    },
    "done": true
  },
  "minecraft:recipes/building_blocks/sandstone_stairs_from_sandstone_stonecutting": {
    "criteria": {
      "has_sandstone": "2024-06-19 14:57:46 +0000"
    },
    "done": true
  },
  "pixelmon:recipes/decor/vending_machine/blue_vending_machine": {
    "criteria": {
      "has_fresh_water": "2024-06-19 15:11:29 +0000"
    },
    "done": true
  },
  "pixelmon:recipes/equipment/sapphire/sapphire_equipment": {
    "criteria": {
      "has_sapphire": "2024-06-19 15:50:24 +0000"
    },
    "done": true
  },
  "pixelmon:recipes/machines/computer/cyan_pc": {
    "criteria": {
      "has_pc": "2024-06-19 15:27:32 +0000"
    },
    "done": true
  },
  "minecraft:recipes/building_blocks/sandstone_slab_from_sandstone_stonecutting": {
    "criteria": {
      "has_sandstone": "2024-06-19 14:57:46 +0000"
    },
    "done": true
  },
  "minecraft:recipes/combat/crossbow": {
    "criteria": {
      "has_stick": "2024-06-19 15:14:52 +0000"
    },
    "done": true
  },
  "sophisticatedbackpacks:recipes/sophisticatedbackpacks/upgrade_base": {
    "criteria": {
      "has_leather": "2024-06-19 16:12:42 +0000"
    },
    "done": true
  },
  "pixelmon:recipes/decor/water_float/brown_water_float": {
    "criteria": {
      "has_slime": "2024-06-19 15:09:45 +0000"
    },
    "done": true
  },
  "pixelmon:recipes/machines/trade_machine/trade_panel": {
    "criteria": {
      "has_poke_ball": "2024-06-19 15:23:43 +0000"
    },
    "done": true
  },
  "sophisticatedbackpacks:recipes/sophisticatedbackpacks/smoking_upgrade": {
    "criteria": {
      "has_upgrade_base": "2024-06-19 14:56:16 +0000"
    },
    "done": true
  },
  "pixelmon:recipes/decor/water_float/pink_water_float_dyed": {
    "criteria": {
      "has_the_recipe": "2024-06-19 15:09:45 +0000"
    },
    "done": true
  },
  "minecraft:recipes/redstone/spruce_pressure_plate": {
    "criteria": {
      "has_planks": "2024-06-19 16:24:39 +0000"
    },
    "done": true
  },
  "minecraft:recipes/building_blocks/prismarine_bricks": {
    "criteria": {
      "has_prismarine_shard": "2024-06-19 15:33:41 +0000"
    },
    "done": true
  },
  "pixelmon:recipes/infuser/juice/pink_juice": {
    "criteria": {
      "has_pink_juice_berry_3": "2024-06-19 15:28:49 +0000"
    },
    "done": true
  },
  "pixelmon:recipes/decor/water_float/orange_water_float": {
    "criteria": {
      "has_slime": "2024-06-19 15:09:45 +0000"
    },
    "done": true
  },
  "minecraft:recipes/building_blocks/red_concrete_powder": {
    "criteria": {
      "has_sand": "2024-06-19 14:58:45 +0000"
    },
    "done": true
  },
  "minecraft:recipes/misc/iron_nugget_from_blasting": {
    "criteria": {
      "has_iron_pickaxe": "2024-06-19 15:34:04 +0000"
    },
    "done": true
  },
  "sophisticatedbackpacks:recipes/sophisticatedbackpacks/backpack": {
    "criteria": {
      "has_leather": "2024-06-19 16:12:42 +0000"
    },
    "done": true
  },
  "minecraft:recipes/combat/leather_chestplate": {
    "criteria": {
      "has_leather": "2024-06-19 16:12:42 +0000"
    },
    "done": true
  },
  "securitycraft:recipes/securitycraft/reinforced_diorite": {
    "criteria": {
      "has_cobblestone": "2024-06-19 15:48:18 +0000"
    },
    "done": true
  },
  "pixelmon:recipes/repel": {
    "criteria": {
      "has_ingot": "2024-06-19 15:28:28 +0000"
    },
    "done": true
  },
  "explorerscompass:explorers_compass_cracked_stone_bricks": {
    "criteria": {
      "has_recipe": "2024-06-19 16:10:32 +0000"
    },
    "done": true
  },
  "pixelmon:recipes/pokeball/base/iron_base": {
    "criteria": {
      "has_ingot": "2024-06-19 14:56:16 +0000"
    },
    "done": true
  },
  "minecraft:recipes/tools/golden_pickaxe": {
    "criteria": {
      "has_gold_ingot": "2024-06-19 15:38:58 +0000"
    },
    "done": true
  },
  "pixelmon:recipes/lures/lure_shiny_strong": {
    "criteria": {
      "has_case_recipe": "2024-06-19 15:38:58 +0000"
    },
    "done": true
  },
  "pixelmon:recipes/pokeball/lid/timer_ball_lid": {
    "criteria": {
      "has_great_ball": "2024-06-19 15:32:26 +0000"
    },
    "done": true
  },
  "minecraft:recipes/redstone/sticky_piston": {
    "criteria": {
      "has_slime_ball": "2024-06-19 15:09:45 +0000"
    },
    "done": true
  },
  "pixelmon:recipes/decor/household_items/fan": {
    "criteria": {
      "has_aluminum": "2024-06-19 15:28:28 +0000"
    },
    "done": true
  },
  "pixelmon:recipes/pokeball/base/wooden_base": {
    "criteria": {
      "has_slab": "2024-06-19 14:56:16 +0000"
    },
    "done": true
  },
  "minecraft:recipes/building_blocks/stone": {
    "criteria": {
      "has_cobblestone": "2024-06-19 15:48:18 +0000"
    },
    "done": true
  },
  "biomesoplenty:recipes/transportation/hellbark_boat": {
    "criteria": {
      "in_water": "2024-06-19 15:01:46 +0000"
    },
    "done": true
  },
  "pixelmon:recipes/pokeball/lid/level_ball_lid": {
    "criteria": {
      "has_great_ball": "2024-06-19 15:32:26 +0000"
    },
    "done": true
  },
  "minecraft:adventure/adventuring_time": {
    "criteria": {
      "minecraft:badlands_plateau": "2024-06-19 15:14:17 +0000",
      "minecraft:forest": "2024-06-19 15:55:24 +0000",
      "minecraft:mountains": "2024-06-19 15:45:37 +0000",
      "minecraft:taiga": "2024-06-19 15:42:40 +0000",
      "minecraft:desert_hills": "2024-06-19 15:01:50 +0000",
      "minecraft:giant_tree_taiga": "2024-06-19 15:44:51 +0000",
      "minecraft:desert": "2024-06-19 14:55:24 +0000",
      "minecraft:badlands": "2024-06-19 15:13:54 +0000",
      "minecraft:savanna_plateau": "2024-06-19 15:40:19 +0000",
      "minecraft:river": "2024-06-19 15:01:35 +0000",
      "minecraft:snowy_taiga": "2024-06-19 15:44:45 +0000",
      "minecraft:wooded_mountains": "2024-06-19 15:49:08 +0000",
      "minecraft:wooded_hills": "2024-06-19 15:57:00 +0000",
      "minecraft:giant_tree_taiga_hills": "2024-06-19 15:44:27 +0000",
      "minecraft:savanna": "2024-06-19 15:23:48 +0000",
      "minecraft:plains": "2024-06-19 16:09:51 +0000"
    },
    "done": false
  },
  "minecraft:recipes/misc/book": {
    "criteria": {
      "has_paper": "2024-06-19 15:24:54 +0000"
    },
    "done": true
  },
  "pixelmon:recipes/equipment/neo_plasma/neo_plasma_equipment": {
    "criteria": {
      "has_crystal": "2024-06-19 15:49:35 +0000"
    },
    "done": true
  },
  "pixelmon:recipes/infuser/juice/red_juice": {
    "criteria": {
      "has_red_juice_berry_2": "2024-06-19 14:56:16 +0000"
    },
    "done": true
  },
  "tombstone:adventure/find_easter_egg": {
    "criteria": {
      "coded_trigger": "2024-06-19 14:56:16 +0000"
    },
    "done": true
  },
  "pixelmon:recipes/decor/water_float/purple_water_float": {
    "criteria": {
      "has_slime": "2024-06-19 15:09:45 +0000"
    },
    "done": true
  },
  "pixelmon:recipes/blast_furnace/silicon_ore": {
    "criteria": {
      "has_ore": "2024-06-19 15:47:45 +0000"
    },
    "done": true
  },
  "minecraft:recipes/combat/stone_sword": {
    "criteria": {
      "has_cobblestone": "2024-06-19 15:48:18 +0000"
    },
    "done": true
  },
  "securitycraft:recipes/securitycraft/reinforced_warped_fence": {
    "criteria": {
      "has_stick": "2024-06-19 15:14:52 +0000"
    },
    "done": true
  },
  "minecraft:recipes/decorations/cobblestone_wall": {
    "criteria": {
      "has_cobblestone": "2024-06-19 15:48:18 +0000"
    },
    "done": true
  },
  "minecraft:recipes/decorations/barrel": {
    "criteria": {
      "has_planks": "2024-06-19 16:24:39 +0000"
    },
    "done": true
  },
  "pixelmon:recipes/decor/water_float/purple_water_float_dyed": {
    "criteria": {
      "has_the_recipe": "2024-06-19 15:09:45 +0000"
    },
    "done": true
  },
  "pixelmon:recipes/decor/vending_machine/black_vending_machine": {
    "criteria": {
      "has_fresh_water": "2024-06-19 15:11:29 +0000"
    },
    "done": true
  },
  "minecraft:recipes/brewing/fermented_spider_eye": {
    "criteria": {
      "has_spider_eye": "2024-06-19 16:08:39 +0000"
    },
    "done": true
  },
  "minecraft:recipes/tools/stone_pickaxe": {
    "criteria": {
      "has_cobblestone": "2024-06-19 15:48:18 +0000"
    },
    "done": true
  },
  "pixelmon:recipes/decor/gym_signs/purple_gym_sign": {
    "criteria": {
      "has_ingot": "2024-06-19 15:28:28 +0000"
    },
    "done": true
  },
  "pixelmon:recipes/lures/lure_casing_weak": {
    "criteria": {
      "has_crystal": "2024-06-19 15:49:35 +0000"
    },
    "done": true
  },
  "pixelmon:recipes/decor/household_items/fridge": {
    "criteria": {
      "has_aluminum": "2024-06-19 15:28:28 +0000"
    },
    "done": true
  },
  "securitycraft:recipes/securitycraft/motion_activated_light": {
    "criteria": {
      "has_stick": "2024-06-19 15:14:52 +0000"
    },
    "done": true
  },
  "explorerscompass:explorers_compass": {
    "criteria": {
      "has_recipe": "2024-06-19 16:10:32 +0000"
    },
    "done": true
  },
  "minecraft:recipes/combat/leather_boots": {
    "criteria": {
      "has_leather": "2024-06-19 16:12:42 +0000"
    },
    "done": true
  },
  "minecraft:recipes/transportation/jungle_boat": {
    "criteria": {
      "in_water": "2024-06-19 15:01:46 +0000"
    },
    "done": true
  },
  "pixelmon:recipes/equipment/old_rod": {
    "criteria": {
      "has_string": "2024-06-19 16:08:18 +0000"
    },
    "done": true
  },
  "minecraft:recipes/decorations/cobblestone_wall_from_cobblestone_stonecutting": {
    "criteria": {
      "has_cobblestone": "2024-06-19 15:48:18 +0000"
    },
    "done": true
  },
  "pixelmon:recipes/pokeball/ball/dream_ball_new": {
    "criteria": {
      "has_dusk_ball": "2024-06-19 16:14:51 +0000"
    },
    "done": true
  },
  "pixelmon:recipes/decor/gym_signs/brown_gym_sign": {
    "criteria": {
      "has_ingot": "2024-06-19 15:28:28 +0000"
    },
    "done": true
  },
  "pixelmon:recipes/equipment/flute/white_flute": {
    "criteria": {
      "has_flute": "2024-06-19 15:30:30 +0000"
    },
    "done": true
  },
  "pixelmon:recipes/machines/computer/red_pc": {
    "criteria": {
      "has_pc": "2024-06-19 15:27:32 +0000"
    },
    "done": true
  },
  "minecraft:recipes/transportation/dark_oak_boat": {
    "criteria": {
      "in_water": "2024-06-19 15:01:46 +0000"
    },
    "done": true
  },
  "pixelmon:recipes/pokeball/base/silver_base": {
    "criteria": {
      "has_ingot": "2024-06-19 14:56:16 +0000"
    },
    "done": true
  },
  "pixelmon:recipes/decor/water_float/green_water_float_dyed": {
    "criteria": {
      "has_the_recipe": "2024-06-19 15:09:45 +0000"
    },
    "done": true
  },
  "pixelmon:recipes/decor/vending_machine/brown_vending_machine": {
    "criteria": {
      "has_fresh_water": "2024-06-19 15:11:29 +0000"
    },
    "done": true
  },
  "sophisticatedbackpacks:recipes/sophisticatedbackpacks/auto_smoking_upgrade_from_auto_smelting_upgrade": {
    "criteria": {
      "has_auto_smelting_upgrade": "2024-06-19 14:56:16 +0000"
    },
    "done": true
  },
  "pixelmon:recipes/decor/water_float/pink_water_float": {
    "criteria": {
      "has_slime": "2024-06-19 15:09:45 +0000"
    },
    "done": true
  },
  "pixelmon:recipes/decor/water_float/brown_water_float_dyed": {
    "criteria": {
      "has_the_recipe": "2024-06-19 15:09:45 +0000"
    },
    "done": true
  },
  "pixelmon:recipes/decor/vending_machine/yellow_vending_machine": {
    "criteria": {
      "has_fresh_water": "2024-06-19 15:11:29 +0000"
    },
    "done": true
  },
  "pixelmon:recipes/machines/computer/light_gray_pc": {
    "criteria": {
      "has_pc": "2024-06-19 15:27:32 +0000"
    },
    "done": true
  },
  "minecraft:recipes/food/cooked_cod_from_smoking": {
    "criteria": {
      "has_cod": "2024-06-19 15:11:29 +0000"
    },
    "done": true
  },
  "minecraft:recipes/combat/golden_leggings": {
    "criteria": {
      "has_gold_ingot": "2024-06-19 15:38:58 +0000"
    },
    "done": true
  },
  "sophisticatedbackpacks:recipes/sophisticatedbackpacks/auto_blasting_upgrade": {
    "criteria": {
      "has_blasting_upgrade": "2024-06-19 14:56:16 +0000"
    },
    "done": true
  },
  "securitycraft:recipes/securitycraft/reinforced_oak_fence_gate": {
    "criteria": {
      "has_stick": "2024-06-19 15:14:52 +0000"
    },
    "done": true
  },
  "pixelmon:recipes/equipment/film": {
    "criteria": {
      "has_paper": "2024-06-19 15:24:54 +0000"
    },
    "done": true
  },
  "pixelmon:recipes/machines/computer/yellow_pc": {
    "criteria": {
      "has_pc": "2024-06-19 15:27:32 +0000"
    },
    "done": true
  },
  "biomesoplenty:recipes/transportation/jacaranda_boat": {
    "criteria": {
      "in_water": "2024-06-19 15:01:46 +0000"
    },
    "done": true
  },
  "pixelmon:recipes/decor/household_items/glass_table": {
    "criteria": {
      "has_planks": "2024-06-19 16:24:39 +0000"
    },
    "done": true
  },
  "minecraft:recipes/redstone/spruce_trapdoor": {
    "criteria": {
      "has_planks": "2024-06-19 16:24:39 +0000"
    },
    "done": true
  },
  "pixelmon:recipes/equipment/vanilla/wooden_hammer": {
    "criteria": {
      "has_planks": "2024-06-19 16:24:39 +0000"
    },
    "done": true
  },
  "pixelmon:recipes/decor/building_infrastructure/bridge_block": {
    "criteria": {
      "has_logs": "2024-06-19 16:24:34 +0000"
    },
    "done": true
  },
  "pixelmon:recipes/decor/water_float/red_water_float": {
    "criteria": {
      "has_slime": "2024-06-19 15:09:45 +0000"
    },
    "done": true
  },
  "minecraft:recipes/decorations/sandstone_wall": {
    "criteria": {
      "has_sandstone": "2024-06-19 14:57:46 +0000"
    },
    "done": true
  },
  "pixelmon:recipes/machines/computer/gray_pc": {
    "criteria": {
      "has_pc": "2024-06-19 15:27:32 +0000"
    },
    "done": true
  },
  "minecraft:recipes/building_blocks/prismarine": {
    "criteria": {
      "has_prismarine_shard": "2024-06-19 15:33:41 +0000"
    },
    "done": true
  },
  "pixelmon:recipes/equipment/vanilla/gold_hammer": {
    "criteria": {
      "has_gold_ingot": "2024-06-19 15:38:58 +0000"
    },
    "done": true
  },
  "minecraft:recipes/misc/gold_nugget_from_smelting": {
    "criteria": {
      "has_golden_chestplate": "2024-06-19 15:52:54 +0000"
    },
    "done": true
  },
  "pixelmon:recipes/decor/water_float/green_water_float": {
    "criteria": {
      "has_slime": "2024-06-19 15:09:45 +0000"
    },
    "done": true
  },
  "pixelmon:recipes/equipment/vanilla/stone_hammer": {
    "criteria": {
      "has_cobblestone": "2024-06-19 15:48:18 +0000"
    },
    "done": true
  },
  "pixelmon:recipes/equipment/amethyst/amethyst_equipment": {
    "criteria": {
      "has_amethyst": "2024-06-19 15:47:33 +0000"
    },
    "done": true
  },
  "minecraft:recipes/decorations/soul_campfire": {
    "criteria": {
      "has_stick": "2024-06-19 15:14:52 +0000"
    },
    "done": true
  },
  "minecraft:recipes/tools/stone_axe": {
    "criteria": {
      "has_cobblestone": "2024-06-19 15:48:18 +0000"
    },
    "done": true
  },
  "pixelmon:recipes/pokeball/lid/dive_ball_lid": {
    "criteria": {
      "has_great_ball": "2024-06-19 15:32:26 +0000"
    },
    "done": true
  },
  "pixelmon:recipes/equipment/ruby/ruby_equipment": {
    "criteria": {
      "has_ruby": "2024-06-19 15:47:29 +0000"
    },
    "done": true
  },
  "securitycraft:recipes/securitycraft/reinforced_dark_oak_fence": {
    "criteria": {
      "has_stick": "2024-06-19 15:14:52 +0000"
    },
    "done": true
  },
  "minecraft:recipes/building_blocks/bone_block": {
    "criteria": {
      "has_bonemeal": "2024-06-19 15:39:05 +0000"
    },
    "done": true
  },
  "DataVersion": 2586
}