{
  "minecraft:recipes/decorations/smoker": {
    "criteria": {
      "has_furnace": "2024-06-19 15:47:45 +0000"
    },
    "done": true
  },
  "minecraft:recipes/food/cooked_mutton_from_campfire_cooking": {
    "criteria": {
      "has_mutton": "2024-06-19 15:53:54 +0000"
    },
    "done": true
  },
  "pixelmon:recipes/decor/mail_box/gray_mail_box": {
    "criteria": {
      "has_wooden_slabs": "2024-06-19 15:58:32 +0000"
    },
    "done": true
  },
  "pixelmon:recipes/decor/healer/white_healer": {
    "criteria": {
      "has_diamond": "2024-06-19 15:47:54 +0000"
    },
    "done": true
  },
  "pixelmon:recipes/equipment/camera": {
    "criteria": {
      "has_film": "2024-06-19 15:48:58 +0000"
    },
    "done": true
  },
  "pixelmon:recipes/decor/letter_box/gray_letter_box": {
    "criteria": {
      "has_wooden_slabs": "2024-06-19 15:58:32 +0000"
    },
    "done": true
  },
  "minecraft:recipes/redstone/lever": {
    "criteria": {
      "has_cobblestone": "2024-06-19 15:36:56 +0000"
    },
    "done": true
  },
  "pixelmon:recipes/decor/building_infrastructure/wooden_flooring": {
    "criteria": {
      "has_wooden_slabs": "2024-06-19 15:58:32 +0000"
    },
    "done": true
  },
  "minecraft:recipes/building_blocks/stone_bricks": {
    "criteria": {
      "has_stone": "2024-06-19 15:54:01 +0000"
    },
    "done": true
  },
  "naturescompass:natures_compass": {
    "criteria": {
      "has_recipe": "2024-06-19 15:46:18 +0000"
    },
    "done": true
  },
  "securitycraft:recipes/securitycraft/reinforced_andesite_with_vanilla_diorite": {
    "criteria": {
      "has_cobblestone": "2024-06-19 15:36:56 +0000"
    },
    "done": true
  },
  "minecraft:recipes/building_blocks/lime_concrete_powder": {
    "criteria": {
      "has_sand": "2024-06-19 15:09:24 +0000"
    },
    "done": true
  },
  "minecraft:recipes/decorations/yellow_stained_glass_pane_from_glass_pane": {
    "criteria": {
      "has_yellow_dye": "2024-06-19 15:51:09 +0000"
    },
    "done": true
  },
  "pixelmon:recipes/decor/letter_box/orange_letter_box": {
    "criteria": {
      "has_wooden_slabs": "2024-06-19 15:58:32 +0000"
    },
    "done": true
  },
  "minecraft:recipes/building_blocks/chiseled_stone_bricks": {
    "criteria": {
      "has_stone_bricks": "2024-06-19 15:54:01 +0000"
    },
    "done": true
  },
  "minecraft:recipes/building_blocks/yellow_concrete_powder": {
    "criteria": {
      "has_sand": "2024-06-19 15:09:24 +0000"
    },
    "done": true
  },
  "pixelmon:recipes/decor/healer/green_healer_dyed": {
    "criteria": {
      "has_the_recipe": "2024-06-19 15:47:54 +0000"
    },
    "done": true
  },
  "pixelmon:recipes/pokeball/lid/friend_ball_lid": {
    "criteria": {
      "has_great_ball": "2024-06-19 15:48:58 +0000"
    },
    "done": true
  },
  "minecraft:recipes/decorations/crafting_table": {
    "criteria": {
      "has_planks": "2024-06-19 15:35:04 +0000"
    },
    "done": true
  },
  "pixelmon:specs/eeveelution_capture_all": {
    "criteria": {
      "0": "2024-06-19 16:13:55 +0000",
      "1": "2024-06-19 16:13:55 +0000",
      "2": "2024-06-19 16:13:55 +0000",
      "3": "2024-06-19 16:13:55 +0000",
      "4": "2024-06-19 16:13:55 +0000",
      "5": "2024-06-19 16:13:55 +0000",
      "6": "2024-06-19 16:13:55 +0000",
      "7": "2024-06-19 16:13:55 +0000",
      "8": "2024-06-19 16:13:55 +0000"
    },
    "done": true
  },
  "minecraft:recipes/decorations/ladder": {
    "criteria": {
      "has_stick": "2024-06-19 15:35:24 +0000"
    },
    "done": true
  },
  "pixelmon:recipes/lures/lure_type_strong": {
    "criteria": {
      "has_case_recipe": "2024-06-19 15:32:09 +0000"
    },
    "done": true
  },
  "minecraft:recipes/building_blocks/dark_oak_slab": {
    "criteria": {
      "has_planks": "2024-06-19 15:35:04 +0000"
    },
    "done": true
  },
  "minecraft:recipes/decorations/chest": {
    "criteria": {
      "has_lots_of_items": "2024-06-19 15:31:14 +0000"
    },
    "done": true
  },
  "minecraft:recipes/building_blocks/chiseled_stone_bricks_stone_from_stonecutting": {
    "criteria": {
      "has_stone": "2024-06-19 15:54:01 +0000"
    },
    "done": true
  },
  "pixelmon:recipes/decor/healer/yellow_healer": {
    "criteria": {
      "has_diamond": "2024-06-19 15:47:54 +0000"
    },
    "done": true
  },
  "minecraft:recipes/tools/wooden_shovel": {
    "criteria": {
      "has_stick": "2024-06-19 15:35:24 +0000"
    },
    "done": true
  },
  "pixelmon:recipes/equipment/movement/old_running_boots": {
    "criteria": {
      "has_feather": "2024-06-19 15:51:08 +0000"
    },
    "done": true
  },
  "pixelmon:recipes/decor/healer/magenta_healer_dyed": {
    "criteria": {
      "has_the_recipe": "2024-06-19 15:47:54 +0000"
    },
    "done": true
  },
  "minecraft:recipes/redstone/dark_oak_button": {
    "criteria": {
      "has_planks": "2024-06-19 15:35:04 +0000"
    },
    "done": true
  },
  "pixelmon:specs/clobbopus_jump_capture_all": {
    "criteria": {
      "0": "2024-06-19 16:13:55 +0000"
    },
    "done": false
  },
  "minecraft:recipes/misc/stick": {
    "criteria": {
      "has_planks": "2024-06-19 15:35:04 +0000"
    },
    "done": true
  },
  "pixelmon:recipes/equipment/flute/red_flute": {
    "criteria": {
      "has_red_shard": "2024-06-19 15:51:09 +0000"
    },
    "done": true
  },
  "pixelmon:recipes/infuser/incense/all_incense": {
    "criteria": {
      "has_the_recipe": "2024-06-19 15:32:09 +0000"
    },
    "done": true
  },
  "minecraft:recipes/building_blocks/stone_brick_slab_from_stone_stonecutting": {
    "criteria": {
      "has_stone": "2024-06-19 15:54:01 +0000"
    },
    "done": true
  },
  "minecraft:recipes/misc/iron_ingot_from_blasting": {
    "criteria": {
      "has_iron_ore": "2024-06-19 15:34:27 +0000"
    },
    "done": true
  },
  "pixelmon:recipes/pokeball/lid/premier_ball_lid": {
    "criteria": {
      "has_poke_ball": "2024-06-19 15:51:14 +0000"
    },
    "done": true
  },
  "pixelmon:recipes/decor/healer/lime_healer_dyed": {
    "criteria": {
      "has_the_recipe": "2024-06-19 15:47:54 +0000"
    },
    "done": true
  },
  "pixelmon:recipes/pokeball/lid/dusk_ball_lid": {
    "criteria": {
      "has_great_ball": "2024-06-19 15:48:58 +0000"
    },
    "done": true
  },
  "minecraft:recipes/building_blocks/lime_terracotta": {
    "criteria": {
      "has_terracotta": "2024-06-19 16:05:21 +0000"
    },
    "done": true
  },
  "minecraft:recipes/building_blocks/emerald_block": {
    "criteria": {
      "has_emerald": "2024-06-19 15:52:42 +0000"
    },
    "done": true
  },
  "minecraft:recipes/food/cake": {
    "criteria": {
      "has_egg": "2024-06-19 15:54:02 +0000"
    },
    "done": true
  },
  "pixelmon:recipes/decor/healer/magenta_healer": {
    "criteria": {
      "has_diamond": "2024-06-19 15:47:54 +0000"
    },
    "done": true
  },
  "securitycraft:recipes/securitycraft/reinforced_andesite_with_vanilla_cobblestone": {
    "criteria": {
      "has_cobblestone": "2024-06-19 15:36:56 +0000"
    },
    "done": true
  },
  "securitycraft:recipes/securitycraft/reinforced_dark_oak_fence_gate": {
    "criteria": {
      "has_stick": "2024-06-19 15:35:24 +0000"
    },
    "done": true
  },
  "minecraft:recipes/building_blocks/sandstone_stairs": {
    "criteria": {
      "has_sandstone": "2024-06-19 15:27:22 +0000"
    },
    "done": true
  },
  "minecraft:recipes/redstone/dark_oak_door": {
    "criteria": {
      "has_planks": "2024-06-19 15:35:04 +0000"
    },
    "done": true
  },
  "minecraft:recipes/building_blocks/light_gray_terracotta": {
    "criteria": {
      "has_terracotta": "2024-06-19 16:05:21 +0000"
    },
    "done": true
  },
  "minecraft:recipes/building_blocks/cobblestone_slab": {
    "criteria": {
      "has_cobblestone": "2024-06-19 15:36:56 +0000"
    },
    "done": true
  },
  "minecraft:recipes/building_blocks/pink_terracotta": {
    "criteria": {
      "has_terracotta": "2024-06-19 16:05:21 +0000"
    },
    "done": true
  },
  "minecraft:recipes/building_blocks/coarse_dirt": {
    "criteria": {
      "has_gravel": "2024-06-19 15:27:31 +0000"
    },
    "done": true
  },
  "pixelmon:recipes/pokeball/lid/sport_ball_lid": {
    "criteria": {
      "has_great_ball": "2024-06-19 15:48:58 +0000"
    },
    "done": true
  },
  "naturescompass:natures_compass_sapling": {
    "criteria": {
      "has_recipe": "2024-06-19 15:46:18 +0000"
    },
    "done": true
  },
  "pixelmon:recipes/equipment/moon_stone/moon_stone_equipment": {
    "criteria": {
      "has_moon_stone": "2024-06-19 15:34:53 +0000"
    },
    "done": true
  },
  "pixelmon:recipes/decor/healer/green_healer": {
    "criteria": {
      "has_diamond": "2024-06-19 15:47:54 +0000"
    },
    "done": true
  },
  "biomesoplenty:recipes/redstone/redwood_button": {
    "criteria": {
      "has_planks": "2024-06-19 15:58:32 +0000"
    },
    "done": true
  },
  "minecraft:recipes/building_blocks/light_gray_concrete_powder": {
    "criteria": {
      "has_sand": "2024-06-19 15:09:24 +0000"
    },
    "done": true
  },
  "minecraft:recipes/building_blocks/magenta_terracotta": {
    "criteria": {
      "has_terracotta": "2024-06-19 16:05:21 +0000"
    },
    "done": true
  },
  "securitycraft:recipes/securitycraft/reinforced_spruce_fence_gate": {
    "criteria": {
      "has_stick": "2024-06-19 15:35:24 +0000"
    },
    "done": true
  },
  "biomesoplenty:recipes/transportation/cherry_boat": {
    "criteria": {
      "in_water": "2024-06-19 15:07:03 +0000"
    },
    "done": true
  },
  "pixelmon:recipes/equipment/crystal/crystal_equipment": {
    "criteria": {
      "has_crystal": "2024-06-19 15:32:09 +0000"
    },
    "done": true
  },
  "biomesoplenty:recipes/transportation/fir_boat": {
    "criteria": {
      "in_water": "2024-06-19 15:07:03 +0000"
    },
    "done": true
  },
  "pixelmon:recipes/curry/boiled_egg": {
    "criteria": {
      "has_egg": "2024-06-19 15:54:02 +0000"
    },
    "done": true
  },
  "minecraft:recipes/building_blocks/pink_concrete_powder": {
    "criteria": {
      "has_sand": "2024-06-19 15:09:24 +0000"
    },
    "done": true
  },
  "sophisticatedbackpacks:recipes/sophisticatedbackpacks/blasting_upgrade": {
    "criteria": {
      "has_upgrade_base": "2024-06-19 15:07:55 +0000"
    },
    "done": true
  },
  "minecraft:recipes/building_blocks/sandstone_slab": {
    "criteria": {
      "has_sandstone": "2024-06-19 15:27:22 +0000"
    },
    "done": true
  },
  "pixelmon:recipes/decor/terrain/cave_rock": {
    "criteria": {
      "has_stone": "2024-06-19 15:54:01 +0000"
    },
    "done": true
  },
  "sophisticatedbackpacks:recipes/sophisticatedbackpacks/auto_smoking_upgrade": {
    "criteria": {
      "has_smoking_upgrade": "2024-06-19 15:07:55 +0000"
    },
    "done": true
  },
  "pixelmon:recipes/machines/trade_machine/trade_holder_right": {
    "criteria": {
      "has_poke_ball": "2024-06-19 15:48:57 +0000"
    },
    "done": true
  },
  "pixelmon:recipes/pokeball/base/aluminum_base": {
    "criteria": {
      "has_ingot": "2024-06-19 15:07:55 +0000"
    },
    "done": true
  },
  "minecraft:recipes/building_blocks/stone_stairs_from_stone_stonecutting": {
    "criteria": {
      "has_stone": "2024-06-19 15:54:01 +0000"
    },
    "done": true
  },
  "securitycraft:recipes/securitycraft/reinforced_crimson_fence_gate": {
    "criteria": {
      "has_stick": "2024-06-19 15:35:24 +0000"
    },
    "done": true
  },
  "pixelmon:recipes/pokeball/lid/ancient_great_ball_lid": {
    "criteria": {
      "has_tumblestone": "2024-06-19 15:51:09 +0000"
    },
    "done": true
  },
  "biomesoplenty:biomesoplenty/all_biomes": {
    "criteria": {
      "scrubland": "2024-06-19 15:43:25 +0000",
      "redwood_forest_edge": "2024-06-19 15:46:15 +0000",
      "wooded_scrubland": "2024-06-19 15:43:23 +0000"
    },
    "done": false
  },
  "pixelmon:recipes/machines/trade_machine/trade_monitor": {
    "criteria": {
      "has_poke_ball": "2024-06-19 15:48:57 +0000"
    },
    "done": true
  },
  "minecraft:recipes/combat/diamond_leggings": {
    "criteria": {
      "has_diamond": "2024-06-19 15:47:54 +0000"
    },
    "done": true
  },
  "securitycraft:recipes/securitycraft/reinforced_jungle_fence": {
    "criteria": {
      "has_stick": "2024-06-19 15:35:24 +0000"
    },
    "done": true
  },
  "minecraft:recipes/building_blocks/sandstone": {
    "criteria": {
      "has_sand": "2024-06-19 15:09:24 +0000"
    },
    "done": true
  },
  "sophisticatedbackpacks:recipes/sophisticatedbackpacks/smoking_upgrade_from_smelting_upgrade": {
    "criteria": {
      "has_smelting_upgrade": "2024-06-19 15:07:55 +0000"
    },
    "done": true
  },
  "minecraft:recipes/building_blocks/cobblestone_slab_from_cobblestone_stonecutting": {
    "criteria": {
      "has_cobblestone": "2024-06-19 15:36:56 +0000"
    },
    "done": true
  },
  "minecraft:recipes/building_blocks/oak_stairs": {
    "criteria": {
      "has_planks": "2024-06-19 15:47:00 +0000"
    },
    "done": true
  },
  "minecraft:recipes/transportation/acacia_boat": {
    "criteria": {
      "in_water": "2024-06-19 15:07:03 +0000"
    },
    "done": true
  },
  "pixelmon:recipes/lures/lure_casing_strong": {
    "criteria": {
      "has_crystal": "2024-06-19 15:32:09 +0000"
    },
    "done": true
  },
  "sophisticatedbackpacks:recipes/sophisticatedbackpacks/auto_blasting_upgrade_from_auto_smelting_upgrade": {
    "criteria": {
      "has_auto_smelting_upgrade": "2024-06-19 15:07:55 +0000"
    },
    "done": true
  },
  "pixelmon:recipes/pokeball/lid/leaden_ball_lid": {
    "criteria": {
      "has_tumblestone": "2024-06-19 15:51:09 +0000"
    },
    "done": true
  },
  "minecraft:recipes/building_blocks/white_concrete_powder": {
    "criteria": {
      "has_sand": "2024-06-19 15:09:24 +0000"
    },
    "done": true
  },
  "minecraft:recipes/building_blocks/stone_brick_stairs_from_stone_stonecutting": {
    "criteria": {
      "has_stone": "2024-06-19 15:54:01 +0000"
    },
    "done": true
  },
  "minecraft:recipes/tools/diamond_pickaxe": {
    "criteria": {
      "has_diamond": "2024-06-19 15:47:54 +0000"
    },
    "done": true
  },
  "pixelmon:recipes/decor/healer/red_healer_dyed": {
    "criteria": {
      "has_the_recipe": "2024-06-19 15:47:54 +0000"
    },
    "done": true
  },
  "pixelmon:recipes/decor/gym_signs/yellow_gym_sign": {
    "criteria": {
      "has_dye": "2024-06-19 15:51:09 +0000"
    },
    "done": true
  },
  "minecraft:recipes/misc/ender_eye": {
    "criteria": {
      "has_blaze_powder": "2024-06-19 15:38:50 +0000"
    },
    "done": true
  },
  "pixelmon:recipes/curry/toast": {
    "criteria": {
      "has_bread": "2024-06-19 15:49:04 +0000"
    },
    "done": true
  },
  "minecraft:recipes/decorations/stone_brick_wall": {
    "criteria": {
      "has_stone_bricks": "2024-06-19 15:54:01 +0000"
    },
    "done": true
  },
  "minecraft:recipes/food/cooked_beef_from_smoking": {
    "criteria": {
      "has_beef": "2024-06-19 15:49:02 +0000"
    },
    "done": true
  },
  "minecraft:recipes/decorations/fletching_table": {
    "criteria": {
      "has_flint": "2024-06-19 15:27:31 +0000"
    },
    "done": true
  },
  "pixelmon:recipes/decor/terrain/rock": {
    "criteria": {
      "has_stone": "2024-06-19 15:54:01 +0000"
    },
    "done": true
  },
  "minecraft:recipes/food/cooked_chicken_from_campfire_cooking": {
    "criteria": {
      "has_chicken": "2024-06-19 15:49:02 +0000"
    },
    "done": true
  },
  "minecraft:recipes/redstone/dark_oak_fence_gate": {
    "criteria": {
      "has_planks": "2024-06-19 15:35:04 +0000"
    },
    "done": true
  },
  "minecraft:recipes/food/cooked_mutton_from_smoking": {
    "criteria": {
      "has_mutton": "2024-06-19 15:53:54 +0000"
    },
    "done": true
  },
  "pixelmon:recipes/machines/infuser": {
    "criteria": {
      "has_amethyst": "2024-06-19 15:32:09 +0000"
    },
    "done": true
  },
  "pixelmon:recipes/decor/healer/blue_healer_dyed": {
    "criteria": {
      "has_the_recipe": "2024-06-19 15:47:54 +0000"
    },
    "done": true
  },
  "minecraft:recipes/decorations/granite_wall_from_granite_stonecutting": {
    "criteria": {
      "has_granite": "2024-06-19 16:27:50 +0000"
    },
    "done": true
  },
  "pixelmon:recipes/decor/healer/red_healer": {
    "criteria": {
      "has_diamond": "2024-06-19 15:47:54 +0000"
    },
    "done": true
  },
  "minecraft:recipes/building_blocks/cyan_terracotta": {
    "criteria": {
      "has_terracotta": "2024-06-19 16:05:21 +0000"
    },
    "done": true
  },
  "securitycraft:recipes/securitycraft/reinforced_warped_fence_gate": {
    "criteria": {
      "has_stick": "2024-06-19 15:35:24 +0000"
    },
    "done": true
  },
  "pixelmon:recipes/decor/healer/brown_healer_dyed": {
    "criteria": {
      "has_the_recipe": "2024-06-19 15:47:54 +0000"
    },
    "done": true
  },
  "minecraft:recipes/decorations/oak_fence": {
    "criteria": {
      "has_planks": "2024-06-19 15:47:00 +0000"
    },
    "done": true
  },
  "minecraft:recipes/food/cooked_cod_from_campfire_cooking": {
    "criteria": {
      "has_cod": "2024-06-19 15:49:02 +0000"
    },
    "done": true
  },
  "minecraft:recipes/building_blocks/orange_concrete_powder": {
    "criteria": {
      "has_sand": "2024-06-19 15:09:24 +0000"
    },
    "done": true
  },
  "minecraft:recipes/food/baked_potato_from_campfire_cooking": {
    "criteria": {
      "has_potato": "2024-06-19 15:49:04 +0000"
    },
    "done": true
  },
  "minecraft:recipes/food/cooked_porkchop": {
    "criteria": {
      "has_porkchop": "2024-06-19 15:53:51 +0000"
    },
    "done": true
  },
  "minecraft:recipes/building_blocks/oak_slab": {
    "criteria": {
      "has_planks": "2024-06-19 15:47:00 +0000"
    },
    "done": true
  },
  "biomesoplenty:recipes/building_blocks/redwood_slab": {
    "criteria": {
      "has_planks": "2024-06-19 15:58:32 +0000"
    },
    "done": true
  },
  "securitycraft:recipes/securitycraft/reinforced_crimson_fence": {
    "criteria": {
      "has_stick": "2024-06-19 15:35:24 +0000"
    },
    "done": true
  },
  "pixelmon:recipes/curry/potato_pack": {
    "criteria": {
      "has_potato": "2024-06-19 15:49:04 +0000"
    },
    "done": true
  },
  "minecraft:recipes/food/cooked_porkchop_from_campfire_cooking": {
    "criteria": {
      "has_porkchop": "2024-06-19 15:53:51 +0000"
    },
    "done": true
  },
  "minecraft:recipes/building_blocks/granite_stairs": {
    "criteria": {
      "has_granite": "2024-06-19 16:27:50 +0000"
    },
    "done": true
  },
  "pixelmon:recipes/decor/healer/black_healer": {
    "criteria": {
      "has_diamond": "2024-06-19 15:47:54 +0000"
    },
    "done": true
  },
  "biomesoplenty:recipes/transportation/umbran_boat": {
    "criteria": {
      "in_water": "2024-06-19 15:07:03 +0000"
    },
    "done": true
  },
  "minecraft:recipes/food/cooked_salmon_from_smoking": {
    "criteria": {
      "has_salmon": "2024-06-19 15:53:51 +0000"
    },
    "done": true
  },
  "minecraft:recipes/building_blocks/diorite_stairs_from_diorite_stonecutting": {
    "criteria": {
      "has_diorite": "2024-06-19 16:27:52 +0000"
    },
    "done": true
  },
  "pixelmon:recipes/pokeball/lid/gigaton_ball_lid": {
    "criteria": {
      "has_tumblestone": "2024-06-19 15:51:09 +0000"
    },
    "done": true
  },
  "pixelmon:recipes/decor/mail_box/purple_mail_box": {
    "criteria": {
      "has_wooden_slabs": "2024-06-19 15:58:32 +0000"
    },
    "done": true
  },
  "pixelmon:types/capture_type_trigger": {
    "criteria": {
      "capture_any": "2024-06-19 16:13:55 +0000"
    },
    "done": true
  },
  "minecraft:recipes/decorations/light_gray_glazed_terracotta": {
    "criteria": {
      "has_light_gray_terracotta": "2024-06-19 15:37:00 +0000"
    },
    "done": true
  },
  "securitycraft:recipes/securitycraft/reinforced_birch_fence": {
    "criteria": {
      "has_stick": "2024-06-19 15:35:24 +0000"
    },
    "done": true
  },
  "pixelmon:recipes/pokeball/lid/quick_ball_lid": {
    "criteria": {
      "has_great_ball": "2024-06-19 15:48:58 +0000"
    },
    "done": true
  },
  "pixelmon:recipes/infuser/juice/colorful_juice": {
    "criteria": {
      "has_juice_berry_2": "2024-06-19 15:51:04 +0000"
    },
    "done": true
  },
  "minecraft:recipes/combat/wooden_sword": {
    "criteria": {
      "has_stick": "2024-06-19 15:35:24 +0000"
    },
    "done": true
  },
  "minecraft:recipes/building_blocks/oak_planks": {
    "criteria": {
      "has_logs": "2024-06-19 15:46:18 +0000"
    },
    "done": true
  },
  "minecraft:recipes/building_blocks/gray_concrete_powder": {
    "criteria": {
      "has_sand": "2024-06-19 15:09:24 +0000"
    },
    "done": true
  },
  "pixelmon:recipes/decor/household_items/mug_ball": {
    "criteria": {
      "has_poke_ball": "2024-06-19 15:48:57 +0000"
    },
    "done": true
  },
  "pixelmon:recipes/pokeball/lid/luxury_ball_lid": {
    "criteria": {
      "has_great_ball": "2024-06-19 15:48:58 +0000"
    },
    "done": true
  },
  "sophisticatedbackpacks:recipes/sophisticatedbackpacks/blasting_upgrade_from_smelting_upgrade": {
    "criteria": {
      "has_smelting_upgrade": "2024-06-19 15:07:55 +0000"
    },
    "done": true
  },
  "pixelmon:recipes/decor/healer/pink_healer_dyed": {
    "criteria": {
      "has_the_recipe": "2024-06-19 15:47:54 +0000"
    },
    "done": true
  },
  "pixelmon:recipes/decor/healer/blue_healer": {
    "criteria": {
      "has_diamond": "2024-06-19 15:47:54 +0000"
    },
    "done": true
  },
  "securitycraft:recipes/securitycraft/reinforced_acacia_fence": {
    "criteria": {
      "has_stick": "2024-06-19 15:35:24 +0000"
    },
    "done": true
  },
  "minecraft:recipes/building_blocks/black_concrete_powder": {
    "criteria": {
      "has_sand": "2024-06-19 15:09:24 +0000"
    },
    "done": true
  },
  "pixelmon:recipes/equipment/reveal_glass": {
    "criteria": {
      "has_crystal": "2024-06-19 15:32:09 +0000"
    },
    "done": true
  },
  "pixelmon:recipes/equipment/vanilla/diamond_hammer": {
    "criteria": {
      "has_diamond": "2024-06-19 15:47:54 +0000"
    },
    "done": true
  },
  "pixelmon:recipes/pokeball/lid/jet_ball_lid": {
    "criteria": {
      "has_tumblestone": "2024-06-19 15:54:01 +0000"
    },
    "done": true
  },
  "minecraft:recipes/building_blocks/sandstone_stairs_from_sandstone_stonecutting": {
    "criteria": {
      "has_sandstone": "2024-06-19 15:27:22 +0000"
    },
    "done": true
  },
  "pixelmon:recipes/decor/terrain/boulder": {
    "criteria": {
      "has_stone": "2024-06-19 15:54:01 +0000"
    },
    "done": true
  },
  "pixelmon:recipes/decor/bench/dark_oak_bench": {
    "criteria": {
      "has_planks": "2024-06-19 15:35:04 +0000"
    },
    "done": true
  },
  "minecraft:recipes/redstone/stone_button": {
    "criteria": {
      "has_stone": "2024-06-19 15:54:01 +0000"
    },
    "done": true
  },
  "minecraft:recipes/combat/crossbow": {
    "criteria": {
      "has_stick": "2024-06-19 15:35:24 +0000"
    },
    "done": true
  },
  "minecraft:recipes/redstone/dark_oak_trapdoor": {
    "criteria": {
      "has_planks": "2024-06-19 15:35:04 +0000"
    },
    "done": true
  },
  "minecraft:recipes/decorations/oak_sign": {
    "criteria": {
      "has_oak_planks": "2024-06-19 15:47:00 +0000"
    },
    "done": true
  },
  "pixelmon:recipes/decor/letter_box/lime_letter_box": {
    "criteria": {
      "has_wooden_slabs": "2024-06-19 15:58:32 +0000"
    },
    "done": true
  },
  "minecraft:recipes/food/cooked_porkchop_from_smoking": {
    "criteria": {
      "has_porkchop": "2024-06-19 15:53:51 +0000"
    },
    "done": true
  },
  "minecraft:recipes/redstone/oak_trapdoor": {
    "criteria": {
      "has_planks": "2024-06-19 15:47:00 +0000"
    },
    "done": true
  },
  "minecraft:recipes/building_blocks/granite_stairs_from_granite_stonecutting": {
    "criteria": {
      "has_granite": "2024-06-19 16:27:50 +0000"
    },
    "done": true
  },
  "minecraft:recipes/building_blocks/polished_diorite_from_diorite_stonecutting": {
    "criteria": {
      "has_diorite": "2024-06-19 16:27:52 +0000"
    },
    "done": true
  },
  "pixelmon:recipes/decor/healer/gray_healer_dyed": {
    "criteria": {
      "has_the_recipe": "2024-06-19 15:47:54 +0000"
    },
    "done": true
  },
  "minecraft:recipes/building_blocks/red_concrete_powder": {
    "criteria": {
      "has_sand": "2024-06-19 15:09:24 +0000"
    },
    "done": true
  },
  "pixelmon:recipes/decor/clock/yellow_clock": {
    "criteria": {
      "has_dye": "2024-06-19 15:51:09 +0000"
    },
    "done": true
  },
  "securitycraft:recipes/securitycraft/reinforced_diorite": {
    "criteria": {
      "has_cobblestone": "2024-06-19 15:36:56 +0000"
    },
    "done": true
  },
  "pixelmon:recipes/decor/household_items/oven": {
    "criteria": {
      "has_oven": "2024-06-19 15:47:45 +0000"
    },
    "done": true
  },
  "minecraft:recipes/building_blocks/blue_terracotta": {
    "criteria": {
      "has_terracotta": "2024-06-19 16:05:21 +0000"
    },
    "done": true
  },
  "pixelmon:recipes/decor/healer/black_healer_dyed": {
    "criteria": {
      "has_the_recipe": "2024-06-19 15:47:54 +0000"
    },
    "done": true
  },
  "pixelmon:recipes/lures/lure_shiny_strong": {
    "criteria": {
      "has_case_recipe": "2024-06-19 15:32:09 +0000"
    },
    "done": true
  },
  "pixelmon:recipes/pokeball/lid/timer_ball_lid": {
    "criteria": {
      "has_great_ball": "2024-06-19 15:48:58 +0000"
    },
    "done": true
  },
  "minecraft:recipes/decorations/diorite_wall": {
    "criteria": {
      "has_diorite": "2024-06-19 16:27:52 +0000"
    },
    "done": true
  },
  "pixelmon:recipes/decor/household_items/fan": {
    "criteria": {
      "has_terracotta": "2024-06-19 16:05:21 +0000"
    },
    "done": true
  },
  "minecraft:recipes/building_blocks/stone": {
    "criteria": {
      "has_cobblestone": "2024-06-19 15:36:56 +0000"
    },
    "done": true
  },
  "biomesoplenty:recipes/transportation/hellbark_boat": {
    "criteria": {
      "in_water": "2024-06-19 15:07:03 +0000"
    },
    "done": true
  },
  "minecraft:recipes/brewing/magma_cream": {
    "criteria": {
      "has_blaze_powder": "2024-06-19 15:38:50 +0000"
    },
    "done": true
  },
  "minecraft:recipes/building_blocks/light_blue_terracotta": {
    "criteria": {
      "has_terracotta": "2024-06-19 16:05:21 +0000"
    },
    "done": true
  },
  "minecraft:recipes/decorations/stonecutter": {
    "criteria": {
      "has_stone": "2024-06-19 15:54:01 +0000"
    },
    "done": true
  },
  "pixelmon:recipes/pokeball/lid/ancient_poke_ball_lid": {
    "criteria": {
      "has_tumblestone": "2024-06-19 15:51:09 +0000"
    },
    "done": true
  },
  "minecraft:adventure/adventuring_time": {
    "criteria": {
      "minecraft:badlands_plateau": "2024-06-19 15:30:24 +0000",
      "minecraft:desert": "2024-06-19 15:06:18 +0000",
      "minecraft:badlands": "2024-06-19 15:30:00 +0000",
      "minecraft:savanna_plateau": "2024-06-19 16:18:47 +0000",
      "minecraft:river": "2024-06-19 15:05:55 +0000",
      "minecraft:savanna": "2024-06-19 15:42:27 +0000"
    },
    "done": false
  },
  "pixelmon:recipes/equipment/neo_plasma/neo_plasma_equipment": {
    "criteria": {
      "has_silicon": "2024-06-19 15:30:48 +0000"
    },
    "done": true
  },
  "pixelmon:recipes/decor/mail_box/cyan_mail_box": {
    "criteria": {
      "has_wooden_slabs": "2024-06-19 15:58:32 +0000"
    },
    "done": true
  },
  "minecraft:nether/brew_potion": {
    "criteria": {
      "potion": "2024-06-19 15:57:47 +0000"
    },
    "done": true
  },
  "minecraft:recipes/combat/stone_sword": {
    "criteria": {
      "has_cobblestone": "2024-06-19 15:36:56 +0000"
    },
    "done": true
  },
  "minecraft:recipes/decorations/cobblestone_wall": {
    "criteria": {
      "has_cobblestone": "2024-06-19 15:36:56 +0000"
    },
    "done": true
  },
  "securitycraft:recipes/securitycraft/reinforced_warped_fence": {
    "criteria": {
      "has_stick": "2024-06-19 15:35:24 +0000"
    },
    "done": true
  },
  "minecraft:recipes/decorations/barrel": {
    "criteria": {
      "has_planks": "2024-06-19 15:35:04 +0000"
    },
    "done": true
  },
  "pixelmon:recipes/decor/mail_box/light_blue_mail_box": {
    "criteria": {
      "has_wooden_slabs": "2024-06-19 15:58:32 +0000"
    },
    "done": true
  },
  "minecraft:recipes/tools/stone_pickaxe": {
    "criteria": {
      "has_cobblestone": "2024-06-19 15:36:56 +0000"
    },
    "done": true
  },
  "pixelmon:recipes/decor/healer/white_healer_dyed": {
    "criteria": {
      "has_the_recipe": "2024-06-19 15:47:54 +0000"
    },
    "done": true
  },
  "minecraft:recipes/redstone/stone_pressure_plate": {
    "criteria": {
      "has_stone": "2024-06-19 15:54:01 +0000"
    },
    "done": true
  },
  "pixelmon:recipes/decor/mail_box/red_mail_box": {
    "criteria": {
      "has_wooden_slabs": "2024-06-19 15:58:32 +0000"
    },
    "done": true
  },
  "minecraft:recipes/decorations/cobblestone_wall_from_cobblestone_stonecutting": {
    "criteria": {
      "has_cobblestone": "2024-06-19 15:36:56 +0000"
    },
    "done": true
  },
  "pixelmon:recipes/decor/healer/orange_healer_dyed": {
    "criteria": {
      "has_the_recipe": "2024-06-19 15:47:54 +0000"
    },
    "done": true
  },
  "pixelmon:recipes/decor/mail_box/brown_mail_box": {
    "criteria": {
      "has_wooden_slabs": "2024-06-19 15:58:32 +0000"
    },
    "done": true
  },
  "pixelmon:recipes/machines/reassembly_unit": {
    "criteria": {
      "has_emerald": "2024-06-19 15:52:42 +0000"
    },
    "done": true
  },
  "minecraft:recipes/building_blocks/diamond_block": {
    "criteria": {
      "has_diamond": "2024-06-19 15:47:54 +0000"
    },
    "done": true
  },
  "pixelmon:specs/spheal_jump_capture_all": {
    "criteria": {
      "0": "2024-06-19 16:13:55 +0000"
    },
    "done": false
  },
  "pixelmon:recipes/pokeball/base/silver_base": {
    "criteria": {
      "has_ingot": "2024-06-19 15:07:55 +0000"
    },
    "done": true
  },
  "minecraft:recipes/decorations/flower_pot": {
    "criteria": {
      "has_brick": "2024-06-19 15:58:32 +0000"
    },
    "done": true
  },
  "pixelmon:recipes/decor/healer/purple_healer": {
    "criteria": {
      "has_diamond": "2024-06-19 15:47:54 +0000"
    },
    "done": true
  },
  "securitycraft:recipes/securitycraft/universal_owner_changer": {
    "criteria": {
      "has_name_tag": "2024-06-19 15:31:05 +0000"
    },
    "done": true
  },
  "pixelmon:recipes/decor/mail_box/magenta_mail_box": {
    "criteria": {
      "has_wooden_slabs": "2024-06-19 15:58:32 +0000"
    },
    "done": true
  },
  "minecraft:recipes/food/cooked_cod_from_smoking": {
    "criteria": {
      "has_cod": "2024-06-19 15:49:02 +0000"
    },
    "done": true
  },
  "sophisticatedbackpacks:recipes/sophisticatedbackpacks/auto_blasting_upgrade": {
    "criteria": {
      "has_blasting_upgrade": "2024-06-19 15:07:55 +0000"
    },
    "done": true
  },
  "securitycraft:recipes/securitycraft/reinforced_oak_fence_gate": {
    "criteria": {
      "has_stick": "2024-06-19 15:35:24 +0000"
    },
    "done": true
  },
  "pixelmon:recipes/equipment/film": {
    "criteria": {
      "has_camera": "2024-06-19 15:48:58 +0000"
    },
    "done": true
  },
  "biomesoplenty:recipes/transportation/jacaranda_boat": {
    "criteria": {
      "in_water": "2024-06-19 15:07:03 +0000"
    },
    "done": true
  },
  "pixelmon:recipes/decor/household_items/glass_table": {
    "criteria": {
      "has_planks": "2024-06-19 15:35:04 +0000"
    },
    "done": true
  },
  "pixelmon:recipes/equipment/vanilla/wooden_hammer": {
    "criteria": {
      "has_planks": "2024-06-19 15:35:04 +0000"
    },
    "done": true
  },
  "minecraft:recipes/decorations/sandstone_wall": {
    "criteria": {
      "has_sandstone": "2024-06-19 15:27:22 +0000"
    },
    "done": true
  },
  "pixelmon:recipes/decor/healer/cyan_healer": {
    "criteria": {
      "has_diamond": "2024-06-19 15:47:54 +0000"
    },
    "done": true
  },
  "pixelmon:specs/magikarp_jump_capture_all": {
    "criteria": {
      "0": "2024-06-19 16:13:55 +0000"
    },
    "done": false
  },
  "minecraft:recipes/misc/gold_nugget_from_smelting": {
    "criteria": {
      "has_golden_helmet": "2024-06-19 15:40:02 +0000"
    },
    "done": true
  },
  "minecraft:recipes/misc/diamond_from_blasting": {
    "criteria": {
      "has_diamond_ore": "2024-06-19 15:31:14 +0000"
    },
    "done": true
  },
  "minecraft:recipes/building_blocks/polished_diorite": {
    "criteria": {
      "has_stone": "2024-06-19 16:27:52 +0000"
    },
    "done": true
  },
  "pixelmon:recipes/equipment/vanilla/stone_hammer": {
    "criteria": {
      "has_cobblestone": "2024-06-19 15:36:56 +0000"
    },
    "done": true
  },
  "minecraft:recipes/food/cooked_chicken": {
    "criteria": {
      "has_chicken": "2024-06-19 15:49:02 +0000"
    },
    "done": true
  },
  "minecraft:recipes/building_blocks/white_terracotta": {
    "criteria": {
      "has_terracotta": "2024-06-19 16:05:21 +0000"
    },
    "done": true
  },
  "minecraft:recipes/misc/orange_dye_from_red_yellow": {
    "criteria": {
      "has_yellow_dye": "2024-06-19 15:51:09 +0000"
    },
    "done": true
  },
  "minecraft:recipes/tools/stone_axe": {
    "criteria": {
      "has_cobblestone": "2024-06-19 15:36:56 +0000"
    },
    "done": true
  },
  "pixelmon:recipes/pokeball/lid/dive_ball_lid": {
    "criteria": {
      "has_great_ball": "2024-06-19 15:48:58 +0000"
    },
    "done": true
  },
  "minecraft:recipes/misc/fire_charge": {
    "criteria": {
      "has_blaze_powder": "2024-06-19 15:38:50 +0000"
    },
    "done": true
  },
  "minecraft:recipes/food/cooked_mutton": {
    "criteria": {
      "has_mutton": "2024-06-19 15:53:54 +0000"
    },
    "done": true
  },
  "minecraft:recipes/decorations/soul_torch": {
    "criteria": {
      "has_soul_sand": "2024-06-19 15:58:32 +0000"
    },
    "done": true
  },
  "securitycraft:recipes/securitycraft/reinforced_dark_oak_fence": {
    "criteria": {
      "has_stick": "2024-06-19 15:35:24 +0000"
    },
    "done": true
  },
  "pixelmon:recipes/decor/mail_box/orange_mail_box": {
    "criteria": {
      "has_wooden_slabs": "2024-06-19 15:58:32 +0000"
    },
    "done": true
  },
  "pixelmon:recipes/decor/letter_box/green_letter_box": {
    "criteria": {
      "has_wooden_slabs": "2024-06-19 15:58:32 +0000"
    },
    "done": true
  },
  "pixelmon:recipes/pokeball/lid/ancient_ultra_ball_lid": {
    "criteria": {
      "has_tumblestone": "2024-06-19 15:51:09 +0000"
    },
    "done": true
  },
  "minecraft:recipes/building_blocks/yellow_terracotta": {
    "criteria": {
      "has_terracotta": "2024-06-19 16:05:21 +0000"
    },
    "done": true
  },
  "minecraft:recipes/building_blocks/purple_terracotta": {
    "criteria": {
      "has_terracotta": "2024-06-19 16:05:21 +0000"
    },
    "done": true
  },
  "minecraft:recipes/building_blocks/cobblestone_stairs_from_cobblestone_stonecutting": {
    "criteria": {
      "has_cobblestone": "2024-06-19 15:36:56 +0000"
    },
    "done": true
  },
  "minecraft:recipes/building_blocks/magenta_concrete_powder": {
    "criteria": {
      "has_sand": "2024-06-19 15:09:24 +0000"
    },
    "done": true
  },
  "pixelmon:recipes/equipment/movement/wheel": {
    "criteria": {
      "has_silicon": "2024-06-19 15:30:48 +0000"
    },
    "done": true
  },
  "biomesoplenty:recipes/transportation/willow_boat": {
    "criteria": {
      "in_water": "2024-06-19 15:07:03 +0000"
    },
    "done": true
  },
  "pixelmon:recipes/decor/letter_box/black_letter_box": {
    "criteria": {
      "has_wooden_slabs": "2024-06-19 15:58:32 +0000"
    },
    "done": true
  },
  "securitycraft:recipes/securitycraft/reinforced_spruce_fence": {
    "criteria": {
      "has_stick": "2024-06-19 15:35:24 +0000"
    },
    "done": true
  },
  "minecraft:recipes/building_blocks/cut_sandstone_from_sandstone_stonecutting": {
    "criteria": {
      "has_sandstone": "2024-06-19 15:27:22 +0000"
    },
    "done": true
  },
  "minecraft:recipes/building_blocks/stone_brick_slab_from_stone_bricks_stonecutting": {
    "criteria": {
      "has_stone_bricks": "2024-06-19 15:54:01 +0000"
    },
    "done": true
  },
  "pixelmon:recipes/decor/mail_box/light_gray_mail_box": {
    "criteria": {
      "has_wooden_slabs": "2024-06-19 15:58:32 +0000"
    },
    "done": true
  },
  "minecraft:recipes/decorations/campfire": {
    "criteria": {
      "has_coal": "2024-06-19 15:32:09 +0000"
    },
    "done": true
  },
  "minecraft:recipes/building_blocks/diorite_slab_from_diorite_stonecutting": {
    "criteria": {
      "has_diorite": "2024-06-19 16:27:52 +0000"
    },
    "done": true
  },
  "minecraft:recipes/building_blocks/smooth_stone": {
    "criteria": {
      "has_stone": "2024-06-19 15:54:01 +0000"
    },
    "done": true
  },
  "biomesoplenty:recipes/transportation/mahogany_boat": {
    "criteria": {
      "in_water": "2024-06-19 15:07:03 +0000"
    },
    "done": true
  },
  "pixelmon:recipes/pokeball/lid/net_ball_lid": {
    "criteria": {
      "has_great_ball": "2024-06-19 15:48:58 +0000"
    },
    "done": true
  },
  "pixelmon:recipes/decor/healer/yellow_healer_dyed": {
    "criteria": {
      "has_the_recipe": "2024-06-19 15:47:54 +0000"
    },
    "done": true
  },
  "minecraft:recipes/building_blocks/brown_concrete_powder": {
    "criteria": {
      "has_sand": "2024-06-19 15:09:24 +0000"
    },
    "done": true
  },
  "minecraft:recipes/building_blocks/stone_slab_from_stone_stonecutting": {
    "criteria": {
      "has_stone": "2024-06-19 15:54:01 +0000"
    },
    "done": true
  },
  "minecraft:recipes/combat/diamond_sword": {
    "criteria": {
      "has_diamond": "2024-06-19 15:47:54 +0000"
    },
    "done": true
  },
  "biomesoplenty:recipes/transportation/dead_boat": {
    "criteria": {
      "in_water": "2024-06-19 15:07:03 +0000"
    },
    "done": true
  },
  "minecraft:recipes/misc/white_dye": {
    "criteria": {
      "has_bone_meal": "2024-06-19 16:20:53 +0000"
    },
    "done": true
  },
  "pixelmon:recipes/decor/terrain/poke_dirt": {
    "criteria": {
      "has_dirt": "2024-06-19 15:42:33 +0000"
    },
    "done": true
  },
  "minecraft:recipes/transportation/spruce_boat": {
    "criteria": {
      "in_water": "2024-06-19 15:07:03 +0000"
    },
    "done": true
  },
  "minecraft:recipes/decorations/jukebox": {
    "criteria": {
      "has_diamond": "2024-06-19 15:47:54 +0000"
    },
    "done": true
  },
  "securitycraft:recipes/securitycraft/reinforced_oak_fence": {
    "criteria": {
      "has_stick": "2024-06-19 15:35:24 +0000"
    },
    "done": true
  },
  "minecraft:recipes/building_blocks/cracked_stone_bricks": {
    "criteria": {
      "has_stone_bricks": "2024-06-19 15:54:01 +0000"
    },
    "done": true
  },
  "minecraft:recipes/tools/flint_and_steel": {
    "criteria": {
      "has_flint": "2024-06-19 15:27:31 +0000"
    },
    "done": true
  },
  "pixelmon:recipes/decor/letter_box/cyan_letter_box": {
    "criteria": {
      "has_wooden_slabs": "2024-06-19 15:58:32 +0000"
    },
    "done": true
  },
  "pixelmon:recipes/pokeball/lid/safari_ball_lid": {
    "criteria": {
      "has_great_ball": "2024-06-19 15:48:58 +0000"
    },
    "done": true
  },
  "pixelmon:recipes/equipment/galactic/galactic_equipment": {
    "criteria": {
      "has_silicon": "2024-06-19 15:30:48 +0000"
    },
    "done": true
  },
  "pixelmon:recipes/infuser/ev_boost/protein": {
    "criteria": {
      "has_feather": "2024-06-19 15:54:02 +0000"
    },
    "done": true
  },
  "minecraft:recipes/building_blocks/polished_granite_from_granite_stonecutting": {
    "criteria": {
      "has_granite": "2024-06-19 16:27:50 +0000"
    },
    "done": true
  },
  "minecraft:recipes/building_blocks/gray_terracotta": {
    "criteria": {
      "has_terracotta": "2024-06-19 16:05:21 +0000"
    },
    "done": true
  },
  "minecraft:recipes/tools/wooden_hoe": {
    "criteria": {
      "has_stick": "2024-06-19 15:35:24 +0000"
    },
    "done": true
  },
  "pixelmon:recipes/pokeball/lid/fast_ball_lid": {
    "criteria": {
      "has_great_ball": "2024-06-19 15:48:58 +0000"
    },
    "done": true
  },
  "pixelmon:recipes/decor/letter_box/pink_letter_box": {
    "criteria": {
      "has_wooden_slabs": "2024-06-19 15:58:32 +0000"
    },
    "done": true
  },
  "minecraft:recipes/food/cooked_cod": {
    "criteria": {
      "has_cod": "2024-06-19 15:49:02 +0000"
    },
    "done": true
  },
  "pixelmon:pokedex/pokedex_trigger": {
    "criteria": {
      "pokedex_base": "2024-06-19 15:06:04 +0000"
    },
    "done": true
  },
  "pixelmon:recipes/decor/temple/temple_block": {
    "criteria": {
      "has_stone_bricks": "2024-06-19 15:54:01 +0000"
    },
    "done": true
  },
  "minecraft:recipes/building_blocks/diorite_slab": {
    "criteria": {
      "has_diorite": "2024-06-19 16:27:52 +0000"
    },
    "done": true
  },
  "minecraft:recipes/building_blocks/cobblestone_stairs": {
    "criteria": {
      "has_cobblestone": "2024-06-19 15:36:56 +0000"
    },
    "done": true
  },
  "minecraft:recipes/building_blocks/stone_brick_stairs_from_stone_bricks_stonecutting": {
    "criteria": {
      "has_stone_bricks": "2024-06-19 15:54:01 +0000"
    },
    "done": true
  },
  "biomesoplenty:recipes/transportation/magic_boat": {
    "criteria": {
      "in_water": "2024-06-19 15:07:03 +0000"
    },
    "done": true
  },
  "pixelmon:recipes/decor/sand/poke_sand": {
    "criteria": {
      "has_sandstone": "2024-06-19 15:27:22 +0000"
    },
    "done": true
  },
  "minecraft:recipes/building_blocks/chiseled_sandstone_from_sandstone_stonecutting": {
    "criteria": {
      "has_sandstone": "2024-06-19 15:27:22 +0000"
    },
    "done": true
  },
  "minecraft:recipes/decorations/granite_wall": {
    "criteria": {
      "has_granite": "2024-06-19 16:27:50 +0000"
    },
    "done": true
  },
  "pixelmon:recipes/decor/building_infrastructure/outside_wall": {
    "criteria": {
      "has_dye": "2024-06-19 15:51:09 +0000"
    },
    "done": true
  },
  "minecraft:recipes/building_blocks/light_blue_concrete_powder": {
    "criteria": {
      "has_sand": "2024-06-19 15:09:24 +0000"
    },
    "done": true
  },
  "pixelmon:recipes/equipment/movement/acro_bike_frame": {
    "criteria": {
      "has_dawn_stone": "2024-06-19 15:34:27 +0000"
    },
    "done": true
  },
  "minecraft:recipes/building_blocks/orange_terracotta": {
    "criteria": {
      "has_terracotta": "2024-06-19 16:05:21 +0000"
    },
    "done": true
  },
  "pixelmon:recipes/pokeball/lid/love_ball_lid": {
    "criteria": {
      "has_great_ball": "2024-06-19 15:48:58 +0000"
    },
    "done": true
  },
  "minecraft:recipes/building_blocks/glass": {
    "criteria": {
      "has_sand": "2024-06-19 15:09:24 +0000"
    },
    "done": true
  },
  "minecraft:recipes/decorations/white_glazed_terracotta": {
    "criteria": {
      "has_white_terracotta": "2024-06-19 15:36:58 +0000"
    },
    "done": true
  },
  "pixelmon:recipes/decor/mail_box/blue_mail_box": {
    "criteria": {
      "has_wooden_slabs": "2024-06-19 15:58:32 +0000"
    },
    "done": true
  },
  "pixelmon:recipes/decor/mail_box/lime_mail_box": {
    "criteria": {
      "has_wooden_slabs": "2024-06-19 15:58:32 +0000"
    },
    "done": true
  },
  "minecraft:recipes/food/cooked_chicken_from_smoking": {
    "criteria": {
      "has_chicken": "2024-06-19 15:49:02 +0000"
    },
    "done": true
  },
  "minecraft:recipes/redstone/oak_fence_gate": {
    "criteria": {
      "has_planks": "2024-06-19 15:47:00 +0000"
    },
    "done": true
  },
  "biomesoplenty:recipes/redstone/redwood_pressure_plate": {
    "criteria": {
      "has_planks": "2024-06-19 15:58:32 +0000"
    },
    "done": true
  },
  "pixelmon:recipes/lures/lure_ha_weak": {
    "criteria": {
      "has_case_recipe": "2024-06-19 15:32:09 +0000"
    },
    "done": true
  },
  "minecraft:recipes/building_blocks/smooth_sandstone": {
    "criteria": {
      "has_sandstone": "2024-06-19 15:27:22 +0000"
    },
    "done": true
  },
  "minecraft:recipes/building_blocks/purple_concrete_powder": {
    "criteria": {
      "has_sand": "2024-06-19 15:09:24 +0000"
    },
    "done": true
  },
  "minecraft:recipes/building_blocks/cut_sandstone_slab_from_cut_sandstone_stonecutting": {
    "criteria": {
      "has_cut_sandstone": "2024-06-19 15:27:22 +0000"
    },
    "done": true
  },
  "pixelmon:recipes/decor/mail_box/white_mail_box": {
    "criteria": {
      "has_wooden_slabs": "2024-06-19 15:58:32 +0000"
    },
    "done": true
  },
  "pixelmon:recipes/decor/healer/brown_healer": {
    "criteria": {
      "has_diamond": "2024-06-19 15:47:54 +0000"
    },
    "done": true
  },
  "minecraft:recipes/decorations/diorite_wall_from_diorite_stonecutting": {
    "criteria": {
      "has_diorite": "2024-06-19 16:27:52 +0000"
    },
    "done": true
  },
  "pixelmon:recipes/equipment/silicon/silicon_equipment": {
    "criteria": {
      "has_silicon": "2024-06-19 15:30:48 +0000"
    },
    "done": true
  },
  "securitycraft:recipes/securitycraft/reinforced_birch_fence_gate": {
    "criteria": {
      "has_stick": "2024-06-19 15:35:24 +0000"
    },
    "done": true
  },
  "minecraft:recipes/combat/diamond_chestplate": {
    "criteria": {
      "has_diamond": "2024-06-19 15:47:54 +0000"
    },
    "done": true
  },
  "pixelmon:recipes/decor/healer/cyan_healer_dyed": {
    "criteria": {
      "has_the_recipe": "2024-06-19 15:47:54 +0000"
    },
    "done": true
  },
  "pixelmon:recipes/decor/mail_box/yellow_mail_box": {
    "criteria": {
      "has_dye": "2024-06-19 15:51:09 +0000"
    },
    "done": true
  },
  "minecraft:story/mine_stone": {
    "criteria": {
      "get_stone": "2024-06-19 15:36:56 +0000"
    },
    "done": true
  },
  "minecraft:recipes/decorations/furnace": {
    "criteria": {
      "has_cobblestone": "2024-06-19 15:36:56 +0000"
    },
    "done": true
  },
  "securitycraft:recipes/securitycraft/reinforced_acacia_fence_gate": {
    "criteria": {
      "has_stick": "2024-06-19 15:35:24 +0000"
    },
    "done": true
  },
  "minecraft:recipes/misc/charcoal": {
    "criteria": {
      "has_log": "2024-06-19 15:46:18 +0000"
    },
    "done": true
  },
  "minecraft:recipes/tools/wooden_pickaxe": {
    "criteria": {
      "has_stick": "2024-06-19 15:35:24 +0000"
    },
    "done": true
  },
  "minecraft:recipes/building_blocks/stone_brick_slab": {
    "criteria": {
      "has_stone_bricks": "2024-06-19 15:54:01 +0000"
    },
    "done": true
  },
  "pixelmon:recipes/equipment/rocket/rocket_equipment": {
    "criteria": {
      "has_amethyst": "2024-06-19 15:32:09 +0000"
    },
    "done": true
  },
  "pixelmon:recipes/incense_burner": {
    "criteria": {
      "has_coal": "2024-06-19 15:32:09 +0000"
    },
    "done": true
  },
  "minecraft:recipes/transportation/birch_boat": {
    "criteria": {
      "in_water": "2024-06-19 15:07:03 +0000"
    },
    "done": true
  },
  "pixelmon:recipes/decor/letter_box/white_letter_box": {
    "criteria": {
      "has_wooden_slabs": "2024-06-19 15:58:32 +0000"
    },
    "done": true
  },
  "securitycraft:recipes/securitycraft/sonic_security_system": {
    "criteria": {
      "has_stick": "2024-06-19 15:35:24 +0000"
    },
    "done": true
  },
  "minecraft:recipes/building_blocks/polished_granite_slab_from_granite_stonecutting": {
    "criteria": {
      "has_granite": "2024-06-19 16:27:50 +0000"
    },
    "done": true
  },
  "minecraft:recipes/building_blocks/green_concrete_powder": {
    "criteria": {
      "has_sand": "2024-06-19 15:09:24 +0000"
    },
    "done": true
  },
  "minecraft:recipes/misc/diamond_from_smelting": {
    "criteria": {
      "has_diamond_ore": "2024-06-19 15:31:14 +0000"
    },
    "done": true
  },
  "minecraft:recipes/food/cooked_salmon_from_campfire_cooking": {
    "criteria": {
      "has_salmon": "2024-06-19 15:53:51 +0000"
    },
    "done": true
  },
  "biomesoplenty:recipes/decorations/redwood_fence": {
    "criteria": {
      "has_planks": "2024-06-19 15:58:32 +0000"
    },
    "done": true
  },
  "pixelmon:recipes/decor/healer/light_gray_healer": {
    "criteria": {
      "has_diamond": "2024-06-19 15:47:54 +0000"
    },
    "done": true
  },
  "pixelmon:balls/quick_ball_capture": {
    "criteria": {
      "quick_ball_capture": "2024-06-19 16:27:13 +0000"
    },
    "done": true
  },
  "minecraft:recipes/tools/stone_hoe": {
    "criteria": {
      "has_cobblestone": "2024-06-19 15:36:56 +0000"
    },
    "done": true
  },
  "minecraft:recipes/tools/diamond_hoe": {
    "criteria": {
      "has_diamond": "2024-06-19 15:47:54 +0000"
    },
    "done": true
  },
  "minecraft:recipes/food/baked_potato_from_smoking": {
    "criteria": {
      "has_potato": "2024-06-19 15:49:04 +0000"
    },
    "done": true
  },
  "minecraft:recipes/building_blocks/dark_oak_stairs": {
    "criteria": {
      "has_planks": "2024-06-19 15:35:04 +0000"
    },
    "done": true
  },
  "minecraft:recipes/tools/diamond_shovel": {
    "criteria": {
      "has_diamond": "2024-06-19 15:47:54 +0000"
    },
    "done": true
  },
  "pixelmon:recipes/equipment/fire_stone/fire_stone_equipment": {
    "criteria": {
      "has_fire_stone": "2024-06-19 15:31:14 +0000"
    },
    "done": true
  },
  "pixelmon:recipes/equipment/flute/green_flute": {
    "criteria": {
      "has_green_shard": "2024-06-19 15:54:01 +0000"
    },
    "done": true
  },
  "minecraft:recipes/building_blocks/granite_slab": {
    "criteria": {
      "has_granite": "2024-06-19 16:27:50 +0000"
    },
    "done": true
  },
  "minecraft:recipes/food/baked_potato": {
    "criteria": {
      "has_potato": "2024-06-19 15:49:04 +0000"
    },
    "done": true
  },
  "minecraft:recipes/decorations/dark_oak_sign": {
    "criteria": {
      "has_dark_oak_planks": "2024-06-19 15:35:04 +0000"
    },
    "done": true
  },
  "pixelmon:recipes/decor/mail_box/green_mail_box": {
    "criteria": {
      "has_wooden_slabs": "2024-06-19 15:58:32 +0000"
    },
    "done": true
  },
  "pixelmon:recipes/decor/healer/purple_healer_dyed": {
    "criteria": {
      "has_the_recipe": "2024-06-19 15:47:54 +0000"
    },
    "done": true
  },
  "pixelmon:recipes/equipment/dawn_stone/dawn_stone_equipment": {
    "criteria": {
      "has_dawn_stone": "2024-06-19 15:34:27 +0000"
    },
    "done": true
  },
  "pixelmon:recipes/decor/letter_box/light_gray_letter_box": {
    "criteria": {
      "has_wooden_slabs": "2024-06-19 15:58:32 +0000"
    },
    "done": true
  },
  "pixelmon:recipes/decor/healer/gray_healer": {
    "criteria": {
      "has_diamond": "2024-06-19 15:47:54 +0000"
    },
    "done": true
  },
  "pixelmon:recipes/decor/letter_box/brown_letter_box": {
    "criteria": {
      "has_wooden_slabs": "2024-06-19 15:58:32 +0000"
    },
    "done": true
  },
  "naturescompass:natures_compass_log": {
    "criteria": {
      "has_log": "2024-06-19 15:46:18 +0000"
    },
    "done": true
  },
  "pixelmon:recipes/pokeball/lid/wing_ball_lid": {
    "criteria": {
      "has_tumblestone": "2024-06-19 15:54:01 +0000"
    },
    "done": true
  },
  "minecraft:story/mine_diamond": {
    "criteria": {
      "diamond": "2024-06-19 15:47:54 +0000"
    },
    "done": true
  },
  "pixelmon:recipes/decor/healer/pink_healer": {
    "criteria": {
      "has_diamond": "2024-06-19 15:47:54 +0000"
    },
    "done": true
  },
  "minecraft:recipes/combat/diamond_helmet": {
    "criteria": {
      "has_diamond": "2024-06-19 15:47:54 +0000"
    },
    "done": true
  },
  "minecraft:recipes/building_blocks/polished_granite_stairs_from_granite_stonecutting": {
    "criteria": {
      "has_granite": "2024-06-19 16:27:50 +0000"
    },
    "done": true
  },
  "pixelmon:recipes/lures/lure_type_weak": {
    "criteria": {
      "has_case_recipe": "2024-06-19 15:32:09 +0000"
    },
    "done": true
  },
  "minecraft:recipes/decorations/soul_lantern": {
    "criteria": {
      "has_soul_torch": "2024-06-19 15:58:32 +0000"
    },
    "done": true
  },
  "minecraft:recipes/transportation/oak_boat": {
    "criteria": {
      "in_water": "2024-06-19 15:07:03 +0000"
    },
    "done": true
  },
  "pixelmon:recipes/decor/letter_box/blue_letter_box": {
    "criteria": {
      "has_wooden_slabs": "2024-06-19 15:58:32 +0000"
    },
    "done": true
  },
  "pixelmon:recipes/decor/healer/light_blue_healer": {
    "criteria": {
      "has_diamond": "2024-06-19 15:47:54 +0000"
    },
    "done": true
  },
  "minecraft:recipes/decorations/sandstone_wall_from_sandstone_stonecutting": {
    "criteria": {
      "has_sandstone": "2024-06-19 15:27:22 +0000"
    },
    "done": true
  },
  "pixelmon:recipes/decor/mail_box/pink_mail_box": {
    "criteria": {
      "has_wooden_slabs": "2024-06-19 15:58:32 +0000"
    },
    "done": true
  },
  "minecraft:recipes/building_blocks/cyan_concrete_powder": {
    "criteria": {
      "has_sand": "2024-06-19 15:09:24 +0000"
    },
    "done": true
  },
  "minecraft:recipes/building_blocks/stone_brick_stairs": {
    "criteria": {
      "has_stone_bricks": "2024-06-19 15:54:01 +0000"
    },
    "done": true
  },
  "pixelmon:recipes/equipment/plasma/plasma_equipment": {
    "criteria": {
      "has_crystal": "2024-06-19 15:32:09 +0000"
    },
    "done": true
  },
  "minecraft:recipes/tools/wooden_axe": {
    "criteria": {
      "has_stick": "2024-06-19 15:35:24 +0000"
    },
    "done": true
  },
  "pixelmon:recipes/machines/trade_machine/trade_holder_left": {
    "criteria": {
      "has_poke_ball": "2024-06-19 15:48:57 +0000"
    },
    "done": true
  },
  "pixelmon:recipes/decor/terrain/poke_grass": {
    "criteria": {
      "has_grass": "2024-06-19 15:51:16 +0000"
    },
    "done": true
  },
  "pixelmon:recipes/pokeball/base/platinum_base": {
    "criteria": {
      "has_ingot": "2024-06-19 15:07:55 +0000"
    },
    "done": true
  },
  "minecraft:recipes/building_blocks/stone_bricks_from_stone_stonecutting": {
    "criteria": {
      "has_stone": "2024-06-19 15:54:01 +0000"
    },
    "done": true
  },
  "biomesoplenty:recipes/transportation/palm_boat": {
    "criteria": {
      "in_water": "2024-06-19 15:07:03 +0000"
    },
    "done": true
  },
  "pixelmon:recipes/pokeball/lid/repeat_ball_lid": {
    "criteria": {
      "has_great_ball": "2024-06-19 15:48:58 +0000"
    },
    "done": true
  },
  "minecraft:recipes/tools/diamond_axe": {
    "criteria": {
      "has_diamond": "2024-06-19 15:47:54 +0000"
    },
    "done": true
  },
  "minecraft:recipes/decorations/stone_brick_wall_from_stone_bricks_stonecutting": {
    "criteria": {
      "has_stone_bricks": "2024-06-19 15:54:01 +0000"
    },
    "done": true
  },
  "minecraft:recipes/building_blocks/bricks": {
    "criteria": {
      "has_brick": "2024-06-19 15:58:32 +0000"
    },
    "done": true
  },
  "biomesoplenty:recipes/transportation/redwood_boat": {
    "criteria": {
      "in_water": "2024-06-19 15:07:03 +0000"
    },
    "done": true
  },
  "minecraft:recipes/building_blocks/chiseled_stone_bricks_from_stone_bricks_stonecutting": {
    "criteria": {
      "has_stone_bricks": "2024-06-19 15:54:01 +0000"
    },
    "done": true
  },
  "pixelmon:recipes/pokeball/lid/ancient_heavy_ball_lid": {
    "criteria": {
      "has_tumblestone": "2024-06-19 15:51:09 +0000"
    },
    "done": true
  },
  "pixelmon:wild_battle_victories/wild_battle_victory_trigger": {
    "criteria": {
      "wild_battle_victory_trigger": "2024-06-19 15:07:27 +0000"
    },
    "done": true
  },
  "pixelmon:recipes/equipment/dusk_stone/dusk_stone_equipment": {
    "criteria": {
      "has_dusk_stone": "2024-06-19 15:32:09 +0000"
    },
    "done": true
  },
  "pixelmon:recipes/decor/healer/light_gray_healer_dyed": {
    "criteria": {
      "has_the_recipe": "2024-06-19 15:47:54 +0000"
    },
    "done": true
  },
  "minecraft:recipes/building_blocks/red_terracotta": {
    "criteria": {
      "has_terracotta": "2024-06-19 16:05:21 +0000"
    },
    "done": true
  },
  "pixelmon:recipes/decor/healer/lime_healer": {
    "criteria": {
      "has_diamond": "2024-06-19 15:47:54 +0000"
    },
    "done": true
  },
  "pixelmon:recipes/pokeball/lid/lure_ball_lid": {
    "criteria": {
      "has_great_ball": "2024-06-19 15:48:58 +0000"
    },
    "done": true
  },
  "securitycraft:recipes/securitycraft/sc_manual": {
    "criteria": {
      "has_wood": "2024-06-19 15:46:18 +0000"
    },
    "done": true
  },
  "minecraft:recipes/building_blocks/stone_slab": {
    "criteria": {
      "has_stone": "2024-06-19 15:54:01 +0000"
    },
    "done": true
  },
  "minecraft:recipes/combat/arrow": {
    "criteria": {
      "has_flint": "2024-06-19 15:27:31 +0000"
    },
    "done": true
  },
  "minecraft:recipes/building_blocks/coal_block": {
    "criteria": {
      "has_coal": "2024-06-19 15:32:09 +0000"
    },
    "done": true
  },
  "pixelmon:recipes/decor/letter_box/magenta_letter_box": {
    "criteria": {
      "has_wooden_slabs": "2024-06-19 15:58:32 +0000"
    },
    "done": true
  },
  "minecraft:recipes/misc/gold_nugget_from_blasting": {
    "criteria": {
      "has_golden_helmet": "2024-06-19 15:40:02 +0000"
    },
    "done": true
  },
  "pixelmon:balls/great_ball_capture": {
    "criteria": {
      "great_ball_capture": "2024-06-19 16:13:55 +0000"
    },
    "done": true
  },
  "pixelmon:recipes/lures/lure_ha_strong": {
    "criteria": {
      "has_case_recipe": "2024-06-19 15:32:09 +0000"
    },
    "done": true
  },
  "minecraft:recipes/tools/stone_shovel": {
    "criteria": {
      "has_cobblestone": "2024-06-19 15:36:56 +0000"
    },
    "done": true
  },
  "pixelmon:recipes/lures/lure_shiny_weak": {
    "criteria": {
      "has_case_recipe": "2024-06-19 15:32:09 +0000"
    },
    "done": true
  },
  "minecraft:recipes/building_blocks/blue_concrete_powder": {
    "criteria": {
      "has_sand": "2024-06-19 15:09:24 +0000"
    },
    "done": true
  },
  "biomesoplenty:recipes/redstone/redwood_trapdoor": {
    "criteria": {
      "has_planks": "2024-06-19 15:58:32 +0000"
    },
    "done": true
  },
  "securitycraft:recipes/securitycraft/reinforced_jungle_fence_gate": {
    "criteria": {
      "has_stick": "2024-06-19 15:35:24 +0000"
    },
    "done": true
  },
  "pixelmon:recipes/pokeball/lid/heavy_ball_lid": {
    "criteria": {
      "has_great_ball": "2024-06-19 15:48:58 +0000"
    },
    "done": true
  },
  "minecraft:recipes/building_blocks/diorite_stairs": {
    "criteria": {
      "has_diorite": "2024-06-19 16:27:52 +0000"
    },
    "done": true
  },
  "tombstone:adventure/root": {
    "criteria": {
      "auto": "2024-06-19 15:05:55 +0000"
    },
    "done": true
  },
  "minecraft:recipes/building_blocks/green_terracotta": {
    "criteria": {
      "has_terracotta": "2024-06-19 16:05:21 +0000"
    },
    "done": true
  },
  "minecraft:recipes/building_blocks/granite_slab_from_granite_stonecutting": {
    "criteria": {
      "has_granite": "2024-06-19 16:27:50 +0000"
    },
    "done": true
  },
  "securitycraft:recipes/securitycraft/reinforced_andesite": {
    "criteria": {
      "has_cobblestone": "2024-06-19 15:36:56 +0000"
    },
    "done": true
  },
  "biomesoplenty:recipes/redstone/redwood_fence_gate": {
    "criteria": {
      "has_planks": "2024-06-19 15:58:32 +0000"
    },
    "done": true
  },
  "pixelmon:recipes/pokeball/lid/moon_ball_lid": {
    "criteria": {
      "has_great_ball": "2024-06-19 15:48:58 +0000"
    },
    "done": true
  },
  "minecraft:recipes/building_blocks/brown_terracotta": {
    "criteria": {
      "has_terracotta": "2024-06-19 16:05:21 +0000"
    },
    "done": true
  },
  "minecraft:recipes/building_blocks/andesite": {
    "criteria": {
      "has_stone": "2024-06-19 16:27:52 +0000"
    },
    "done": true
  },
  "pixelmon:recipes/decor/household_items/end_table": {
    "criteria": {
      "has_crafting_table": "2024-06-19 15:35:24 +0000"
    },
    "done": true
  },
  "minecraft:recipes/building_blocks/cut_sandstone_slab_from_sandstone_stonecutting": {
    "criteria": {
      "has_sandstone": "2024-06-19 15:27:22 +0000"
    },
    "done": true
  },
  "minecraft:recipes/redstone/oak_pressure_plate": {
    "criteria": {
      "has_planks": "2024-06-19 15:47:00 +0000"
    },
    "done": true
  },
  "biomesoplenty:biomesoplenty/root": {
    "criteria": {
      "wooded_scrubland": "2024-06-19 15:43:23 +0000"
    },
    "done": true
  },
  "minecraft:recipes/building_blocks/cut_sandstone": {
    "criteria": {
      "has_sandstone": "2024-06-19 15:27:22 +0000"
    },
    "done": true
  },
  "securitycraft:recipes/securitycraft/laser_block": {
    "criteria": {
      "has_stone": "2024-06-19 15:36:56 +0000"
    },
    "done": true
  },
  "minecraft:recipes/building_blocks/black_terracotta": {
    "criteria": {
      "has_terracotta": "2024-06-19 16:05:21 +0000"
    },
    "done": true
  },
  "pixelmon:recipes/decor/letter_box/light_blue_letter_box": {
    "criteria": {
      "has_wooden_slabs": "2024-06-19 15:58:32 +0000"
    },
    "done": true
  },
  "minecraft:recipes/building_blocks/oak_wood": {
    "criteria": {
      "has_log": "2024-06-19 15:46:18 +0000"
    },
    "done": true
  },
  "minecraft:recipes/food/cooked_salmon": {
    "criteria": {
      "has_salmon": "2024-06-19 15:53:51 +0000"
    },
    "done": true
  },
  "minecraft:story/root": {
    "criteria": {
      "crafting_table": "2024-06-19 15:35:24 +0000"
    },
    "done": true
  },
  "pixelmon:recipes/decor/household_items/light_workstation": {
    "criteria": {
      "has_white_terracotta": "2024-06-19 15:36:58 +0000"
    },
    "done": true
  },
  "minecraft:recipes/building_blocks/sandstone_slab_from_sandstone_stonecutting": {
    "criteria": {
      "has_sandstone": "2024-06-19 15:27:22 +0000"
    },
    "done": true
  },
  "pixelmon:recipes/machines/trade_machine/trade_panel": {
    "criteria": {
      "has_poke_ball": "2024-06-19 15:48:57 +0000"
    },
    "done": true
  },
  "sophisticatedbackpacks:recipes/sophisticatedbackpacks/smoking_upgrade": {
    "criteria": {
      "has_upgrade_base": "2024-06-19 15:07:55 +0000"
    },
    "done": true
  },
  "pixelmon:recipes/decor/healer/orange_healer": {
    "criteria": {
      "has_diamond": "2024-06-19 15:47:54 +0000"
    },
    "done": true
  },
  "pixelmon:recipes/decor/letter_box/purple_letter_box": {
    "criteria": {
      "has_wooden_slabs": "2024-06-19 15:58:32 +0000"
    },
    "done": true
  },
  "pixelmon:recipes/infuser/juice/pink_juice": {
    "criteria": {
      "has_pink_juice_berry_2": "2024-06-19 15:51:04 +0000"
    },
    "done": true
  },
  "pixelmon:recipes/decor/letter_box/red_letter_box": {
    "criteria": {
      "has_wooden_slabs": "2024-06-19 15:58:32 +0000"
    },
    "done": true
  },
  "pixelmon:recipes/decor/letter_box/yellow_letter_box": {
    "criteria": {
      "has_dye": "2024-06-19 15:51:09 +0000"
    },
    "done": true
  },
  "minecraft:recipes/redstone/oak_button": {
    "criteria": {
      "has_planks": "2024-06-19 15:47:00 +0000"
    },
    "done": true
  },
  "pixelmon:recipes/pokeball/base/iron_base": {
    "criteria": {
      "has_ingot": "2024-06-19 15:07:55 +0000"
    },
    "done": true
  },
  "minecraft:recipes/misc/iron_ingot": {
    "criteria": {
      "has_iron_ore": "2024-06-19 15:34:27 +0000"
    },
    "done": true
  },
  "biomesoplenty:recipes/building_blocks/redwood_stairs": {
    "criteria": {
      "has_planks": "2024-06-19 15:58:32 +0000"
    },
    "done": true
  },
  "pixelmon:specs/spec_trigger": {
    "criteria": {
      "unown_capture_all": "2024-06-19 16:13:55 +0000",
      "eeveelution_capture_all": "2024-06-19 16:13:55 +0000",
      "minior_capture_all": "2024-06-19 16:13:55 +0000"
    },
    "done": true
  },
  "pixelmon:recipes/pokeball/base/wooden_base": {
    "criteria": {
      "has_slab": "2024-06-19 15:07:55 +0000"
    },
    "done": true
  },
  "pixelmon:recipes/decor/healer/light_blue_healer_dyed": {
    "criteria": {
      "has_the_recipe": "2024-06-19 15:47:54 +0000"
    },
    "done": true
  },
  "minecraft:recipes/redstone/dark_oak_pressure_plate": {
    "criteria": {
      "has_planks": "2024-06-19 15:35:04 +0000"
    },
    "done": true
  },
  "pixelmon:recipes/pokeball/lid/level_ball_lid": {
    "criteria": {
      "has_great_ball": "2024-06-19 15:48:58 +0000"
    },
    "done": true
  },
  "minecraft:recipes/food/cooked_beef": {
    "criteria": {
      "has_beef": "2024-06-19 15:49:02 +0000"
    },
    "done": true
  },
  "pixelmon:recipes/decor/cash_register/yellow_cash_register": {
    "criteria": {
      "has_dye": "2024-06-19 15:51:09 +0000"
    },
    "done": true
  },
  "minecraft:recipes/decorations/composter": {
    "criteria": {
      "has_wood_slab": "2024-06-19 15:58:32 +0000"
    },
    "done": true
  },
  "tombstone:adventure/find_easter_egg": {
    "criteria": {
      "coded_trigger": "2024-06-19 15:07:55 +0000"
    },
    "done": true
  },
  "pixelmon:recipes/decor/mail_box/black_mail_box": {
    "criteria": {
      "has_wooden_slabs": "2024-06-19 15:58:32 +0000"
    },
    "done": true
  },
  "pixelmon:recipes/lures/lure_casing_weak": {
    "criteria": {
      "has_crystal": "2024-06-19 15:32:09 +0000"
    },
    "done": true
  },
  "minecraft:recipes/redstone/oak_door": {
    "criteria": {
      "has_planks": "2024-06-19 15:47:00 +0000"
    },
    "done": true
  },
  "securitycraft:recipes/securitycraft/motion_activated_light": {
    "criteria": {
      "has_stick": "2024-06-19 15:35:24 +0000"
    },
    "done": true
  },
  "minecraft:recipes/transportation/jungle_boat": {
    "criteria": {
      "in_water": "2024-06-19 15:07:03 +0000"
    },
    "done": true
  },
  "minecraft:recipes/decorations/stone_brick_walls_from_stone_stonecutting": {
    "criteria": {
      "has_stone": "2024-06-19 15:54:01 +0000"
    },
    "done": true
  },
  "pixelmon:recipes/pokeball/ball/dream_ball_new": {
    "criteria": {
      "has_dusk_ball": "2024-06-19 15:48:57 +0000"
    },
    "done": true
  },
  "minecraft:recipes/transportation/dark_oak_boat": {
    "criteria": {
      "in_water": "2024-06-19 15:07:03 +0000"
    },
    "done": true
  },
  "minecraft:recipes/transportation/carrot_on_a_stick": {
    "criteria": {
      "has_carrot": "2024-06-19 15:53:54 +0000"
    },
    "done": true
  },
  "sophisticatedbackpacks:recipes/sophisticatedbackpacks/auto_smoking_upgrade_from_auto_smelting_upgrade": {
    "criteria": {
      "has_auto_smelting_upgrade": "2024-06-19 15:07:55 +0000"
    },
    "done": true
  },
  "minecraft:recipes/building_blocks/polished_granite": {
    "criteria": {
      "has_stone": "2024-06-19 16:27:50 +0000"
    },
    "done": true
  },
  "minecraft:recipes/building_blocks/stone_stairs": {
    "criteria": {
      "has_stone": "2024-06-19 15:54:01 +0000"
    },
    "done": true
  },
  "pixelmon:recipes/infuser/juice/purple_juice": {
    "criteria": {
      "has_purple_juice_berry_3": "2024-06-19 15:51:16 +0000"
    },
    "done": true
  },
  "pixelmon:recipes/decor/bench/bench": {
    "criteria": {
      "has_planks": "2024-06-19 15:47:00 +0000"
    },
    "done": true
  },
  "pixelmon:recipes/decor/building_infrastructure/bridge_block": {
    "criteria": {
      "has_logs": "2024-06-19 15:46:18 +0000"
    },
    "done": true
  },
  "minecraft:recipes/decorations/yellow_carpet_from_white_carpet": {
    "criteria": {
      "has_yellow_dye": "2024-06-19 15:51:09 +0000"
    },
    "done": true
  },
  "minecraft:recipes/food/cooked_beef_from_campfire_cooking": {
    "criteria": {
      "has_beef": "2024-06-19 15:49:02 +0000"
    },
    "done": true
  },
  "minecraft:recipes/decorations/dark_oak_fence": {
    "criteria": {
      "has_planks": "2024-06-19 15:35:04 +0000"
    },
    "done": true
  },
  "minecraft:recipes/combat/diamond_boots": {
    "criteria": {
      "has_diamond": "2024-06-19 15:47:54 +0000"
    },
    "done": true
  },
  "pixelmon:recipes/equipment/amethyst/amethyst_equipment": {
    "criteria": {
      "has_amethyst": "2024-06-19 15:32:09 +0000"
    },
    "done": true
  },
  "minecraft:recipes/decorations/soul_campfire": {
    "criteria": {
      "has_stick": "2024-06-19 15:35:24 +0000"
    },
    "done": true
  },
  "pixelmon:balls/repeat_ball_capture": {
    "criteria": {
      "repeat_ball_capture": "2024-06-19 16:14:51 +0000"
    },
    "done": true
  },
  "pixelmon:recipes/pokeball/lid/feather_ball_lid": {
    "criteria": {
      "has_tumblestone": "2024-06-19 15:54:01 +0000"
    },
    "done": true
  },
  "biomesoplenty:recipes/redstone/redwood_door": {
    "criteria": {
      "has_planks": "2024-06-19 15:58:32 +0000"
    },
    "done": true
  },
  "minecraft:recipes/building_blocks/bone_block": {
    "criteria": {
      "has_bonemeal": "2024-06-19 16:20:53 +0000"
    },
    "done": true
  },
  "DataVersion": 2586
}